Workbook
Name 법개: #REF!

Sheet DB_렌트_차량관리
A1: No | B1: 구분 | C1: 운영 | D1: 계약사 | E1: 책임담당자 | F1: 연락처 | G1: 차종 | H1: 차량 사양 | I1: 차량가 | J1: 연식 | K1: 색상 | L1: 유종 | M1: 차대 번호 | N1: 차량 번호 | O1: 옵션 | P1: CC | Q1: 등록일 | R1: 계약일 | S1: 인도 날짜 | T1: 렌트 기간(Y) | U1: 렌트 종료 | V1: 남은 기간 | W1: 운행 거리 | X1: 실무담당자 | Y1: 연락처 | Z1: 지점 | AA1: 출고지 주소 | AB1: 렌트료 개시일 | AC1: 렌트 기간 일수 | AD1: 남은 기간 계산 | AE1: 계약번호 | AF1: 기본가격 | AG1: 할인금액 | AH1: 공급가액 | AI1: 탁송료 | AJ1: 의무보험료 | AK1: 취득세 | AL1: 공채 | AM1: 증지대 | AN1: 번호판대 | AO1: 등록대행료 | AP1: 수수료 | AQ1: 블랙박스 | AR1: 블랙박스 정보 | AS1: 선팅 | AT1: 선팅정보 | AU1: 등록비용 | AV1: 등록비용2 | AW1: 보험 회사 | AX1: 보험가입일 | AY1: 보험료 | AZ1: 자차 보험비 | BA1: 타이어 | BB1: 정기점검 | BD1: 운전자 연령 | BE1: 대인 | BF1: 대물 | BG1: 자손 | BH1: 무보험차상해 | BI1: 고객부담금 | BJ1: 보험종류 | BK1: 긴급출동 | BL1: 사고수리 | BM1: 일반정비 | BN1: 소모품교환 | BO1: 타이어 본수 | BP1: 타이어 | BQ1: 타이어비용 | BR1: 자동차세 | BS1: 차용처 | BT1: 실행일 | BU1: 할부이용금액 | BV1: 기간 | BW1: 월할부금 | BX1: 월할부금 계 | BY1: 총이자 | BZ1: 이자 | CB1: 월 대여료 결제일 | CC1: 계산서발행일 | CD1: 월 납입금 | CE1: 기간 | CF1: 월 납입금 계 | CG1: 보증금 | CH1: 선수금 | CI1: 인수가 | CJ1: P | CK1: 이자 | CL1: 범칙금 E-MAIL | CM1: 범칙금 E-MAIL | CN1: 담당자 휴대전화번호 | CO1: 판관비 | CQ1: 사은품1 | CR1: 사은품1_가격 | CS1: 사은품2 | CT1: 사은품2_가격 | CU1: 사은품3 | CV1: 사은품3_가격 | CW1: 사은품4 | CX1: 사은품4_가격 | CY1: 사은품5 | CZ1: 사은품5_가격 | DA1: 사은품가격 | DB1: 딜러사 | DC1: 담당영업사원 | DD1: 전시장 | DE1: 예금주명 | DF1: 은행 | DG1: 계좌 | DH1: 사업자/주민번호 | DI1: 사업자 주소 | DJ1: 위약금률 | DK1: 연체이율 | DL1: 법인/식별번호 | DM1: 개별소비세(교육세,가산세포함)
A2: 1 | B2: Ray-029 | C2: 사고대차 | D2: 렌트베네핏/사고대차 | E2: 사고대차 | F2: 010-9061-3000 | G2: Ray | H2: 스탠다드 A/T | I2: 12750000 | J2: 2022 | K2: White/Black | L2: 가솔린 | M2: KNACF911BNT284875 | N2: 101호2192 | O2: - | P2: 998 | Q2: 44503 | S2: 44503 | T2: 5 | U2: =IFERROR(S2+AC2, "-") -> 46328 | V2: =IFERROR(DATEDIF(TODAY(), U2, "m"), "-") -> 3 | W2: 20000 | X2: 이두식 | Y2: 010-9061-3000 | AC2: =365*T2 -> 1825 | AQ2: 엠피온 | AT2: 루마 전면 없음/측후면 15% | AU2: 0 | AW2: 렌터카 공제 | AX2: 44503 | AY2: 1153090 | BD2: 만26세 | BE2: 무한대 | BF2: 3억원 | BG2: 1억원/1500만 | BH2: 2억원/1인당 | BI2: 30만원 | BJ2: 누구나 | BK2: 5회/년 | BL2: 가입 | BM2: 가입 | BN2: 브랜드보증 외 사용자 부담 | BO2: 브랜드보증 외 사용자 부담 | BP2: HANKOOK 앞/뒤165 60R14 79H | BR2: =IF(P2<=1600,P2*18,IF(P2<=2500,P2*19,IF(P2>2500,P2*24,20000))) -> 17964 | BS2: 현금 | DI2: 주소 없음
A3: 2 | B3: K5-001 | C3: 사고대차 | D3: 렌트베네핏/사고대차 | E3: 사고대차 | F3: 010-9061-3000 | G3: K5(H) | H3: 하이브리드 프레스티지 베스트셀렉션 | I3: =35020000+530000 -> 35550000 | J3: 2026 | K3: 스노우 화이트펄/블랙 | L3: 가솔린 | M3: KNAG741JBTA060814 | N3: 142호9512 | O3: 빌트인 캠2(45만) | P3: 1999 | Q3: 45995 | S3: 45995 | T3: 5 | U3: =IFERROR(S3+AC3, "-") -> 47820 | V3: =IFERROR(DATEDIF(TODAY(), U3, "m"), "-") -> 52 | W3: 20000 | X3: 이두식 | Y3: 010-9061-3000 | AC3: =365*T3 -> 1825 | AQ3: 빌트인캠 | AR3: 190000 | AT3: 버텍스 전면 35%/1열 15%, 2열, 후면 5% | BD3: 만26세 | BE3: 무한대 | BF3: 3억원 | BG3: 1억원/1500만 | BH3: 2억원/1인당 | BI3: 30만원 | BJ3: 누구나 | BK3: 5회/년 | BL3: 가입 | BM3: 가입 | BN3: 브랜드보증 외 사용자 부담 | BO3: 브랜드보증 외 사용자 부담 | BR3: =IF(P3<=1600,P3*18,IF(P3<=2500,P3*19,IF(P3>2500,P3*24,20000))) -> 37981 | BS3: 현금 | DI3: 주소 없음
A4: 3 | B4: K5-002 | C4: 사고대차 | D4: 렌트베네핏/사고대차 | E4: 사고대차 | F4: 010-9061-3000 | G4: K5(H) | H4: 하이브리드 프레스티지 베스트셀렉션 | I4: =35020000+530000 -> 35550000 | J4: 2026 | K4: 스노우 화이트펄/블랙 | L4: 가솔린 | M4: KNAG741JBTA061764 | N4: 142호9554 | O4: 빌트인 캠2(45만) | P4: 1999 | Q4: 46017 | S4: 46017 | T4: 5 | U4: =IFERROR(S4+AC4, "-") -> 47842 | V4: =IFERROR(DATEDIF(TODAY(), U4, "m"), "-") -> 53 | W4: 20000 | X4: 이두식 | Y4: 010-9061-3000 | AC4: =365*T4 -> 1825 | AQ4: 빌트인캠 | AR4: 190000 | AT4: 버텍스 전면 35%/1열 15%, 2열, 후면 5% | BD4: 만26세 | BE4: 무한대 | BF4: 3억원 | BG4: 1억원/1500만 | BH4: 2억원/1인당 | BI4: 30만원 | BJ4: 누구나 | BK4: 5회/년 | BL4: 가입 | BM4: 가입 | BN4: 브랜드보증 외 사용자 부담 | BO4: 브랜드보증 외 사용자 부담 | BR4: =IF(P4<=1600,P4*18,IF(P4<=2500,P4*19,IF(P4>2500,P4*24,20000))) -> 37981 | BS4: 현금 | DI4: 주소 없음
A5: 4 | B5: K8-007 | C5: 사고대차 | D5: 렌트베네핏/사고대차 | E5: 사고대차 | F5: 010-2294-7638 | G5: K8 | H5: 노블레스 2.5 | I5: =36250000+3860000 -> 40110000 | J5: 2024 | K5: 인터스텔라 그레이/블랙 원톤 | L5: 가솔린 | M5: KNAM241BBRA072481 | N5: 125호8766 | O5: - | P5: 2497 | Q5: 45490 | S5: 45490 | T5: 5 | U5: =IFERROR(S5+AC5, "-") -> 47315 | V5: =IFERROR(DATEDIF(TODAY(), U5, "m"), "-") -> 35 | W5: 20000 | X5: 김경무 | Y5: 010-2294-7638 | AC5: =365*T5 -> 1825 | AQ5: 빌트인캠 | AT5: 버텍스 전면 35%/1열 15%, 2열, 후면 5% | AU5: 1565870 | AW5: 렌터카 공제 | AY5: =2239200-807230 -> 1431970 | BD5: 만26세 | BE5: 무한대 | BF5: 3억원 | BG5: 1억원/1500만 | BH5: 2억원/1인당 | BI5: 30만원 | BJ5: 누구나 | BK5: 5회/년 | BL5: 가입 | BM5: 가입 | BN5: 브랜드보증 외 사용자 부담 | BO5: 브랜드보증 외 사용자 부담 | BP5: NEXEN 225/55R17 | BR5: =IF(P5<=1600,P5*18,IF(P5<=2500,P5*19,IF(P5>2500,P5*24,20000))) -> 47443 | BS5: 현금 | DI5: 주소 없음
A6: 5 | B6: K8-008 | C6: 사고대차 | D6: 렌트베네핏/사고대차 | E6: 조아림 고객님 | F6: 010-9061-3000 | G6: K8 | H6: 노블레스 2.5 | I6: =40880000+3020000 -> 43900000 | J6: 2025 | K6: 인터스텔라 그레이/블랙 원톤 | L6: 가솔린 | M6: KNAM241BBSA081789 | N6: 142호4328 | O6: 드라이브 와이즈(109만), 프리미엄(109만), 헤드업 디스플레이(84만) | P6: 2497 | Q6: 45775 | S6: 45406 | T6: 5 | U6: =IFERROR(S6+AC6, "-") -> 47231 | V6: =IFERROR(DATEDIF(TODAY(), U6, "m"), "-") -> 33 | W6: 20000 | X6: 이두식 | Y6: 010-9061-3000 | AC6: =365*T6 -> 1825 | AQ6: 아이나비 Z7000 | AR6: 190000 | AT6: 버텍스 전면 35%/1열 15%, 2열, 후면 5% | AU6: 1565870 | AW6: 렌터카 공제 | AX6: 250424 | AY6: =2239200-807230 -> 1431970 | BD6: 만26세 | BE6: 무한대 | BF6: 3억원 | BG6: 1억원/1500만 | BH6: 2억원/1인당 | BI6: 30만원 | BJ6: 누구나 | BK6: 5회/년 | BL6: 가입 | BM6: 가입 | BN6: 브랜드보증 외 사용자 부담 | BO6: 브랜드보증 외 사용자 부담 | BP6: NEXEN 225/55R17 | BR6: =IF(P6<=1600,P6*18,IF(P6<=2500,P6*19,IF(P6>2500,P6*24,20000))) -> 47443 | BS6: 현금 | DI6: 주소 없음
A7: 6 | B7: Sorento-001 | C7: 사고대차 | D7: 렌트베네핏/사고대차 | E7: 사고대차 | F7: 010-9061-3000 | G7: Sorento(H) | H7: HEV 2WD 시그니처 5인승 | I7: =46370000+2370000 -> 48740000 | J7: 2026 | K7: 스노우 화이트펄/올리브 브라운 | L7: 가솔린 | M7: KNARK81GBTA477468 | N7: 142호9209 | O7: 드라이브 와이즈 (129만), 스마트 커넥트 (70만), 스노우 화이트펄 외장컬러 (8만), 19인치 휠 (30만) | P7: 1598 | Q7: 46021 | S7: 46021 | T7: 5 | U7: =IFERROR(S7+AC7, "-") -> 47846 | V7: =IFERROR(DATEDIF(TODAY(), U7, "m"), "-") -> 53 | W7: 20000 | X7: 이두식 | Y7: 010-9061-3000 | AC7: =365*T7 -> 1825 | AQ7: 아이나비 Z7000 | AR7: 190000 | AT7: 버텍스 전면 35%/1열 15%, 2열, 후면 5% | BD7: 만26세 | BE7: 무한대 | BF7: 3억원 | BG7: 1억원/1500만 | BH7: 2억원/1인당 | BI7: 30만원 | BJ7: 누구나 | BK7: 5회/년 | BL7: 가입 | BM7: 가입 | BN7: 브랜드보증 외 사용자 부담 | BO7: 브랜드보증 외 사용자 부담 | BR7: =IF(P7<=1600,P7*18,IF(P7<=2500,P7*19,IF(P7>2500,P7*24,20000))) -> 28764 | BS7: 현금 | DI7: 주소 없음
A8: 7 | B8: Grander-007 | C8: 사고대차 | D8: 렌트베네핏/사고대차 | E8: 사고대차 | F8: 010-9061-3000 | G8: 그랜저(H) | H8: 1.6T 프리미엄 2WD 2026 | I8: 48890000 | J8: 2026 | K8: 세레니티 화이트 펄/인디고/브라운투톤 | L8: 가솔린 | M8: KMHN1411BTA133385 | N8: 142호9185 | O8: 파킹어시스트(143만), 플래티넘(129만), 현대스마트센스(84만) | P8: 1600 | Q8: 45979 | S8: 45979 | T8: 5 | U8: =IFERROR(S8+AC8, "-") -> 47804 | V8: =IFERROR(DATEDIF(TODAY(), U8, "m"), "-") -> 51 | W8: 20000 | X8: 이두식 | Y8: 010-9061-3000 | AC8: =365*T8 -> 1825 | AQ8: 빌트인캠 | AT8: 버텍스 전면 35%/측후면 15% | AW8: 렌터카 공제 | BD8: 만26세 | BE8: 무한대 | BF8: 3억원 | BG8: 1억원/1500만 | BH8: 2억원/1인당 | BI8: 30만원 | BJ8: 누구나 | BK8: 5회/년 | BL8: 가입 | BM8: 가입 | BN8: 브랜드보증 외 사용자 부담 | BO8: 브랜드보증 외 사용자 부담 | BR8: =IF(P8<=1600,P8*18,IF(P8<=2500,P8*19,IF(P8>2500,P8*24,20000))) -> 28800 | BS8: 현금 | DI8: 주소 없음
A9: 8 | B9: G80-003 | C9: 사고대차 | D9: 렌트베네핏/사고대차 | E9: 사고대차 | F9: 010-9061-3000 | G9: G80 | H9: 3.5T AWD | I9: 71450000 | J9: 2023 | K9: 비크블랙/브라운 | L9: 가솔린 | M9: KMTGC41DDPU167545 | N9: 125호5289 | O9: - | P9: 3497 | Q9: 44889 | S9: 44889 | T9: 5 | U9: =IFERROR(S9+AC9, "-") -> 46714 | V9: =IFERROR(DATEDIF(TODAY(), U9, "m"), "-") -> 16 | W9: 20000 | X9: 이두식 | Y9: 010-9061-3000 | AC9: =365*T9 -> 1825 | AQ9: 빌트인캠 | AT9: 버텍스 전면 35%/측후면 15% | AU9: 2936914 | AW9: 렌터카 공제 | AY9: 1198330 | BD9: 만26세 | BE9: 무한대 | BF9: 5억 | BG9: 2억/3천만 | BH9: 2억원/1인당 | BI9: 50만원 | BJ9: 누구나 | BK9: 5회/년 | BL9: 가입 | BM9: 가입 | BN9: 브랜드보증 외 사용자 부담 | BO9: 브랜드보증 외 사용자 부담 | BR9: =IF(P9<=1600,P9*18,IF(P9<=2500,P9*19,IF(P9>2500,P9*24,20000))) -> 83928 | BS9: 현금 | DI9: 주소 없음
A10: 9 | B10: GV80-005 | C10: 사고대차 | D10: 렌트베네핏/사고대차 | E10: 사고대차 | F10: 010-9061-3000 | G10: GV80 | H10: 2.5T AWD 19인치 SDS1 | I10: =73450000+5950000 -> 79400000 | J10: 2026 | K10: 비크블랙 / 스모키그린(어스브라운 시트) | L10: 가솔린 | M10: KMTHA81BDTU313089 | N10: 142호9513 | O10: 드라이빙 어시스턴스 패키지2(270만), 드라이빙 어시스턴스 패키지(195만), 헤드업디스플레이130만) | P10: 2499 | Q10: 45995 | S10: 45995 | T10: 5 | U10: =IFERROR(S10+AC10, "-") -> 47820 | V10: =IFERROR(DATEDIF(TODAY(), U10, "m"), "-") -> 52 | W10: 20000 | X10: 이두식 | Y10: 010-9061-3000 | AC10: =365*T10 -> 1825 | AQ10: 아이나비 Z7000 | AR10: 190000 | AT10: 버텍스 전면 35%/1열 15%, 2열, 후면 5% | BD10: 만26세 | BE10: 무한대 | BF10: 5억 | BG10: 2억/3천만 | BH10: 2억원/1인당 | BI10: 50만원 | BJ10: 누구나 | BK10: 5회/년 | BL10: 가입 | BM10: 가입 | BN10: 브랜드보증 외 사용자 부담 | BO10: 브랜드보증 외 사용자 부담 | BR10: =IF(P10<=1600,P10*18,IF(P10<=2500,P10*19,IF(P10>2500,P10*24,20000))) -> 47481 | BS10: 현금 | DI10: 주소 없음
A11: 10 | B11: Benz-005 | C11: 사고대차 | D11: 렌트베네핏/사고대차 | E11: 사고대차 | F11: 010-2723-6802 | G11: E350 | H11: 4M | I11: 88000000 | J11: 2022 | K11: PW/Bl | L11: 가솔린 | M11: W1KZF8GB6MB003853 | N11: 125호2370 | O11: - | P11: 1991 | Q11: 44546 | S11: 44546 | T11: 5 | U11: =IFERROR(S11+AC11, "-") -> 46371 | V11: =IFERROR(DATEDIF(TODAY(), U11, "m"), "-") -> 4 | W11: 20000 | X11: 이지혜 고객님 | Y11: 010-2723-6802 | AC11: =365*T11 -> 1825 | AQ11: 벤츠블랙박스 | AT11: 후푸옵틱 측후면 15% 전면 50% | AU11: 3338644 | AW11: 렌터카 공제 | AX11: 44546 | AY11: =3921450-793880 -> 3127570 | AZ11: 1112380 | BD11: 만26세 | BE11: 무한대 | BF11: 5억 | BG11: 2억/3천만 | BH11: 2억원/1인당 | BI11: 50만원 | BJ11: 누구나 | BK11: 5회/년 | BL11: 가입 | BM11: 가입 | BN11: 브랜드보증 외 사용자 부담 | BO11: 브랜드보증 외 사용자 부담 | BR11: =IF(P11<=1600,P11*18,IF(P11<=2500,P11*19,IF(P11>2500,P11*24,20000))) -> 37829 | BS11: 현금 | DI11: 주소 없음
A12: 11 | B12: GV80-003_1 | C12: 계약변경 | D12: 렌트베네핏/사고대차 | E12: 류형선 회장님 | F12: 010-5245-5206 | G12: GV80 | H12: 3.5T 22인치 SDS2 AWD 25MY 5인승 | I12: 97440000 | J12: 2025 | K12: 비크블랙/슬레이트그레이/보르도브라운/올리브애쉬 | L12: 가솔린 | M12: KMTHC81CDSU296247 | N12: 142호4378 | O12: 컨비니언스패키지(255만),파퓰러패키지(5인승AWD)(540만),파노라마썬루프(140만),뱅앤올룹슨사운드패키지(190만),빌트인캠패키지(85만), 2열컴포트패키지(260만) | P12: 3470 | Q12: 45827 | S12: 45827 | T12: 5 | U12: =IFERROR(S12+AC12, "-") -> 47652 | V12: =IFERROR(DATEDIF(TODAY(), U12, "m"), "-") -> 46 | W12: 30000 | X12: 변종규 주임님 | Y12: 010-6695-2708 | AC12: =365*T12 -> 1825 | AQ12: 빌트인캠 | AR12: 190000 | AT12: 버텍스 전면 35%/1열 15%, 2열, 후면 5% | AW12: 렌터카 공제 | BD12: 만26세 | BE12: 무한대 | BF12: 5억 | BG12: 2억/3천만 | BH12: 2억원/1인당 | BI12: 50만원 | BJ12: 누구나 | BK12: 5회/년 | BL12: 가입 | BM12: 가입 | BN12: 브랜드보증 외 사용자 부담 | BO12: 브랜드보증 외 사용자 부담 | BR12: =IF(P12<=1600,P12*18,IF(P12<=2500,P12*19,IF(P12>2500,P12*24,20000))) -> 83280 | BS12: 현금 | DI12: 주소 없음
A13: 12 | B13: Benz-021 | C13: 사고대차 | D13: 렌트베네핏/사고대차 | E13: 사고대차 | F13: 010-9061-3000 | G13: E450 | H13: 4M EX | I13: 111850000 | J13: 2023 | K13: 그라파이트 그레이/브라운 | L13: 가솔린 | M13: W1KZF5KB7PB136714 | N13: 142호2282 | O13: - | P13: 2999 | Q13: 45229 | S13: 45229 | T13: 5 | U13: =IFERROR(S13+AC13, "-") -> 47054 | V13: =IFERROR(DATEDIF(TODAY(), U13, "m"), "-") -> 27 | W13: 20000 | X13: 이두식 | Y13: 010-9061-3000 | AC13: =365*T13 -> 1825 | AQ13: 벤츠블랙박스 | AR13: - | AT13: 버텍스 전면 35%/측후면 15% | AU13: - | AW13: 렌터카 공제 | AX13: - | AY13: - | AZ13: - | BA13: - | BB13: - | BD13: 만26세 | BE13: 무한대 | BF13: 5억 | BG13: 2억/3천만 | BH13: 2억원/1인당 | BI13: - | BJ13: 누구나 | BK13: - | BL13: 가입 | BM13: 가입 | BN13: - | BO13: - | BP13: - | BR13: =IF(P13<=1600,P13*18,IF(P13<=2500,P13*19,IF(P13>2500,P13*24,20000))) -> 71976 | BS13: 현금 | DI13: 주소 없음
A14: 13 | B14: Benz-023 | C14: 사고대차 | D14: 렌트베네핏/사고대차 | E14: 대표님 차량 | F14: 010-9061-3000 | G14: S400d | H14: 4MATIC | I14: 160600000 | J14: 2022 | K14: Diamond white / 804-Nappa leather sienna brown / black | L14: 디젤 | M14: W1K6F3DB2NA094248 | N14: 240조7789 | O14: - | P14: 2999 | Q14: 44557 | S14: 44557 | T14: 5 | U14: =IFERROR(S14+AC14, "-") -> 46382 | V14: =IFERROR(DATEDIF(TODAY(), U14, "m"), "-") -> 5 | W14: 20000 | X14: 이두식 | Y14: 010-9061-3000 | AC14: =365*T14 -> 1825 | AQ14: 벤츠블랙박스 | AR14: 0 | AT14: 0 | AU14: 0 | AW14: 현대 | BJ14: 누구나 | BK14: 5회/년 | BL14: 가입 | BM14: 가입 | BN14: 브랜드보증 외 사용자 부담 | BO14: 브랜드보증 외 사용자 부담 | BR14: =IF(P14<=1600,P14*18,IF(P14<=2500,P14*19,IF(P14>2500,P14*24,20000))) -> 71976 | BS14: 현금 | DI14: 주소 없음
A15: 14 | B15: Benz-026 | C15: 사고대차 | D15: 렌트베네핏/사고대차 | E15: 사고대차 | F15: 010-9061-3000 | G15: S500 | H15: - | I15: 201330000 | J15: 2025 | K15: 그라파이트 그레이/브라운 | L15: 가솔린 | M15: W1K6G6DB7SA334565 | N15: 142호9168 | O15: - | P15: 2998 | Q15: 45940 | S15: 45940 | T15: 5 | U15: =IFERROR(S15+AC15, "-") -> 47765 | V15: =IFERROR(DATEDIF(TODAY(), U15, "m"), "-") -> 50 | W15: 20000 | X15: 이두식 | Y15: 010-9061-3000 | AC15: =365*T15 -> 1825 | AQ15: 벤츠블랙박스 | AT15: 버텍스 전면 35%/측후면 15% | BD15: 만26세 | BE15: 무한대 | BF15: 3억원 | BG15: 1억원/1500만 | BH15: 2억원/1인당 | BI15: 30만원 | BJ15: 누구나 | BK15: 5회/년 | BL15: 가입 | BM15: 가입 | BN15: 브랜드보증 외 사용자 부담 | BO15: 브랜드보증 외 사용자 부담 | DI15: 주소 없음
A16: 15 | B16: Sportage-002 | C16: 사고대차 | D16: 렌트베네핏/사고대차 | E16: 사고대차 | F16: 010-9061-3000 | G16: 스포티지(H) | H16: 2WD 노블레스 | I16: =38280000+3400000 -> 41680000 | J16: 2026 | K16: 스노우 화이트 펄/브라운 투톤 | L16: 가솔린 | M16: KNAPW81GBTK395645 | N16: 151호1416 | O16: - | P16: 1598 | Q16: 46121 | S16: - | T16: 5 | U16: =IFERROR(S16+AC16, "-") -> - | V16: =IFERROR(DATEDIF(TODAY(), U16, "m"), "-") -> - | W16: - | X16: - | Y16: - | AC16: - | AR16: - | AT16: 버텍스 전면 35%/1열 15%, 2열, 후면 5% | AU16: - | AW16: - | AX16: - | AY16: - | AZ16: - | BA16: - | BB16: - | BC16: - | BD16: 만26세 | BE16: 무한대 | BF16: 3억원 | BG16: 1억원/1500만 | BH16: 2억원/1인당 | BI16: 30만원 | BJ16: 누구나 | BK16: 5회/년 | BL16: 가입 | BM16: 가입 | BN16: 브랜드보증 외 사용자 부담 | BO16: 브랜드보증 외 사용자 부담 | BP16: - | BQ16: - | BR16: - | BS16: - | DI16: 주소 없음
A17: 16 | B17: Ray-001 | C17: 장기렌트 | D17: 신흥정보통신㈜_1 | E17: 이종희 이사님 | F17: 010-3214-0636 | G17: Ray Van | H17: 스탠다드 A/T | I17: 12750000 | J17: 2022 | K17: White/Black | L17: 가솔린 | M17: KNACF911BNT283289 | N17: 101호2182 | O17: - | P17: 998 | Q17: 44494 | R17: 44497 | S17: 44497 | T17: 5 | U17: =IFERROR(S17+AC17, "-") -> 46322 | V17: =IFERROR(DATEDIF(TODAY(), U17, "m"), "-") -> 3 | W17: 20000 | X17: 이성호 | Y17: 010-9698-0404 | Z17: 경광주 | AA17: 경기도 광주시 중앙로 144 (경안동, KT광주지점) 3층 신흥정보통신 | AB17: 44505 | AC17: =365*T17 -> 1825 | AD17: =U17-TODAY() -> 96 | AE17: =VLOOKUP($B17, [1]렌트_계약서번호!$B$3:$E$501, 4, FALSE) -> 21100001 | AF17: 13234421 | AG17: 200000 | AH17: 12688000 | AI17: 0 | AJ17: 2000 | AK17: 461380 | AL17: 0 | AM17: 2000 | AN17: 27000 | AO17: 30000 | AP17: 430000 | AQ17: 0 | AR17: 엠피온 | AS17: 0 | AT17: 루마 전면 없음/측후면 15% | AV17: =SUM(AI17,AJ17,AM17,AN17,AO17, AQ17,AS17+AK17+AL17) -> 522380 | AW17: 렌터카 공제 | AX17: 44494 | AY17: 1138590 | AZ17: 1034460 | BD17: 만26세 | BE17: 무한대 | BF17: 2억원 | BG17: 1억원/1500만 | BH17: 2억원/1인당 | BI17: 30만원 | BJ17: 임직원 | BK17: 5회/년 | BL17: 가입 | BM17: 미가입 | BN17: 브랜드보증 외 사용자 부담 | BO17: 브랜드보증 외 사용자 부담 | BP17: HANKOOK 앞/뒤165 60R14 79H 32만원/18/4 | BR17: =IF(P17<=1600,P17*18,IF(P17<=2500,P17*19,IF(P17>2500,P17*24,20000))) -> 17964 | BS17: 현금 | BX17: =BW17*BV17 -> 0 | BY17: =BX17-BU17 -> 0 | BZ17: 0 | CB17: 5 | CC17: 5 | CD17: 342650 | CE17: =T17*12 -> 60 | CF17: =CE17*CD17 -> 20559000 | CI17: 2506900 | CJ17: 0.04 | CK17: 0.04 | CL17: jhlee@shtel.co.kr | CO17: 0.03 | CQ17: 0 | CR17: 0 | CS17: 0 | CT17: 0 | CU17: 0 | CV17: 0 | CW17: 0 | CX17: 0 | CY17: 0 | CZ17: 0 | DA17: 0 | DB17: =IF(DC17="정수원 실장","기아", IF(DC17="박현식 부장", "현대", IF(DC17="김성진 팀장", "한성", IF(DC17="전석영 부장", "한성", IF(DC17= "박봉호 부장", "모토원",IF(DC17="정원철 부장", "한성")))))) -> 기아 | DC17: 정수원 실장 | DD17: =IF(DC17="정수원 실장","렌트베네핏", IF(DC17="박현식 부장", "렌트베네핏", IF(DC17="김성진 팀장", "청담", IF(DC17="전석영 부장", "방배", IF(DC17= "박봉호 부장", "일산",IF(DC73="정원철 부장", "청담")))))) -> 렌트베네핏 | DH17: 206-85-09469 | DI17: 주소 없음 | DJ17: 0.3 | DK17: 0.2
A18: 16 | B18: Benz-027 | C18: 거래완료 | D18: 렌트베네핏/사고대차 | E18: 사고대차 | F18: 010-9061-3000 | G18: G450d | H18: - | I18: 188662500 | J18: 2026 | K18: BLACK/BROWN | L18: 디젤 | M18: W1NWC1AB4TX071682 | N18: 142호9268 | P18: 2989 | Q18: 46073 | S18: - | T18: 5 | U18: =IFERROR(S18+AC18, "-") -> - | V18: =IFERROR(DATEDIF(TODAY(), U18, "m"), "-") -> - | DI18: 주소 없음
A19: 17 | B19: Ray-002 | C19: 장기렌트 | D19: 신흥정보통신㈜_2 | E19: 이종희 이사님 | F19: 010-3214-0636 | G19: Ray Van | H19: 스탠다드 A/T | I19: 12750000 | J19: 2022 | K19: White/Black | L19: 가솔린 | M19: KNACF911BNT282816 | N19: 101호2165 | O19: - | P19: 998 | Q19: 44494 | R19: 44497 | S19: 44497 | T19: 5 | U19: =IFERROR(S19+AC19, "-") -> 46322 | V19: =IFERROR(DATEDIF(TODAY(), U19, "m"), "-") -> 3 | W19: 20000 | X19: 이진근 | Y19: 010-7234-1114 | Z19: 동두천 | AA19: 경기도 동두천시 중앙로 260 (생연동) KT 동두천지점 2층 신흥정보통신 | AB19: 44505 | AC19: =365*T19 -> 1825 | AD19: =U19-TODAY() -> 96 | AE19: =VLOOKUP($B19, [1]렌트_계약서번호!$B$3:$E$501, 4, FALSE) -> 21100002 | AF19: 13234421 | AG19: 200000 | AH19: 12704000 | AI19: 0 | AJ19: 2000 | AK19: 461960 | AL19: 0 | AM19: 2000 | AN19: 27000 | AO19: 30000 | AP19: 430000 | AQ19: 0 | AR19: 엠피온 | AS19: 0 | AT19: 루마 전면 없음/측후면 15% | AV19: =SUM(AI19,AJ19,AM19,AN19,AO19, AQ19,AS19+AK19+AL19) -> 522960 | AW19: 렌터카 공제 | AX19: 44494 | AY19: 1138590 | AZ19: 1034460 | BD19: 만26세 | BE19: 무한대 | BF19: 2억원 | BG19: 1억원/1500만 | BH19: 2억원/1인당 | BI19: 30만원 | BJ19: 임직원 | BK19: 5회/년 | BL19: 가입 | BM19: 미가입 | BN19: 브랜드보증 외 사용자 부담 | BO19: 브랜드보증 외 사용자 부담 | BP19: HANKOOK 앞/뒤165 60R14 79H | BR19: =IF(P19<=1600,P19*18,IF(P19<=2500,P19*19,IF(P19>2500,P19*24,20000))) -> 17964 | BS19: 현금 | BX19: =BW19*BV19 -> 0 | BY19: =BX19-BU19 -> 0 | BZ19: 0 | CB19: 5 | CC19: 5 | CD19: 342650 | CE19: =T19*12 -> 60 | CF19: =CE19*CD19 -> 20559000 | CI19: 2506900 | CJ19: 0.04 | CK19: 0.04 | CL19: jhlee@shtel.co.kr | CO19: 0.03 | CQ19: 0 | CR19: 0 | CS19: 0 | CT19: 0 | CU19: 0 | CV19: 0 | CW19: 0 | CX19: 0 | CY19: 0 | CZ19: 0 | DA19: 0 | DB19: =IF(DC19="정수원 실장","기아", IF(DC19="박현식 부장", "현대", IF(DC19="김성진 팀장", "한성", IF(DC19="전석영 부장", "한성", IF(DC19= "박봉호 부장", "모토원",IF(DC19="정원철 부장", "한성")))))) -> 기아 | DC19: 정수원 실장 | DD19: =IF(DC19="정수원 실장","렌트베네핏", IF(DC19="박현식 부장", "렌트베네핏", IF(DC19="김성진 팀장", "청담", IF(DC19="전석영 부장", "방배", IF(DC19= "박봉호 부장", "일산",IF(DC75="정원철 부장", "청담")))))) -> 렌트베네핏 | DH19: 206-85-09469 | DI19: 주소 없음 | DJ19: 0.3 | DK19: 0.2
A20: 18 | B20: Ray-003 | C20: 장기렌트 | D20: 신흥정보통신㈜_3 | E20: 이종희 이사님 | F20: 010-3214-0636 | G20: Ray Van | H20: 스탠다드 A/T | I20: 12750000 | J20: 2022 | K20: White/Black | L20: 가솔린 | M20: KNACF911BNT282750 | N20: 101호2175 | O20: - | P20: 998 | Q20: 44494 | R20: 44497 | S20: 44497 | T20: 5 | U20: =IFERROR(S20+AC20, "-") -> 46322 | V20: =IFERROR(DATEDIF(TODAY(), U20, "m"), "-") -> 3 | W20: 20000 | X20: 이진근 | Y20: 010-7234-1114 | Z20: 동두천 | AA20: 경기도 동두천시 중앙로 260 (생연동) KT 동두천지점 2층 신흥정보통신 | AB20: 44505 | AC20: =365*T20 -> 1825 | AD20: =U20-TODAY() -> 96 | AE20: =VLOOKUP($B20, [1]렌트_계약서번호!$B$3:$E$501, 4, FALSE) -> 21100003 | AF20: 13234421 | AG20: 200000 | AH20: 12704000 | AI20: 0 | AJ20: 2000 | AK20: 461960 | AL20: 0 | AM20: 2000 | AN20: 27000 | AO20: 30000 | AP20: 430000 | AQ20: 0 | AR20: 엠피온 | AS20: 0 | AT20: 루마 전면 없음/측후면 15% | AV20: =SUM(AI20,AJ20,AM20,AN20,AO20, AQ20,AS20+AK20+AL20) -> 522960 | AW20: 렌터카 공제 | AX20: 44494 | AY20: 1138590 | AZ20: 1034460 | BD20: 만26세 | BE20: 무한대 | BF20: 2억원 | BG20: 1억원/1500만 | BH20: 2억원/1인당 | BI20: 30만원 | BJ20: 임직원 | BK20: 5회/년 | BL20: 가입 | BM20: 미가입 | BN20: 브랜드보증 외 사용자 부담 | BO20: 브랜드보증 외 사용자 부담 | BP20: HANKOOK 앞/뒤165 60R14 79H | BR20: =IF(P20<=1600,P20*18,IF(P20<=2500,P20*19,IF(P20>2500,P20*24,20000))) -> 17964 | BS20: 현금 | BX20: =BW20*BV20 -> 0 | BY20: =BX20-BU20 -> 0 | BZ20: 0 | CB20: 5 | CC20: 5 | CD20: 342650 | CE20: =T20*12 -> 60 | CF20: =CE20*CD20 -> 20559000 | CI20: 2506900 | CJ20: 0.04 | CK20: 0.04 | CL20: jhlee@shtel.co.kr | CO20: 0.03 | CQ20: 0 | CR20: 0 | CS20: 0 | CT20: 0 | CU20: 0 | CV20: 0 | CW20: 0 | CX20: 0 | CY20: 0 | CZ20: 0 | DA20: 0 | DB20: =IF(DC20="정수원 실장","기아", IF(DC20="박현식 부장", "현대", IF(DC20="김성진 팀장", "한성", IF(DC20="전석영 부장", "한성", IF(DC20= "박봉호 부장", "모토원",IF(DC20="정원철 부장", "한성")))))) -> 기아 | DC20: 정수원 실장 | DD20: =IF(DC20="정수원 실장","렌트베네핏", IF(DC20="박현식 부장", "렌트베네핏", IF(DC20="김성진 팀장", "청담", IF(DC20="전석영 부장", "방배", IF(DC20= "박봉호 부장", "일산",IF(DC76="정원철 부장", "청담")))))) -> 렌트베네핏 | DH20: 206-85-09469 | DI20: 주소 없음 | DJ20: 0.3 | DK20: 0.2
A21: 19 | B21: Ray-004 | C21: 장기렌트 | D21: 신흥정보통신㈜_4 | E21: 이종희 이사님 | F21: 010-3214-0636 | G21: Ray Van | H21: 스탠다드 A/T | I21: 12750000 | J21: 2022 | K21: White/Black | L21: 가솔린 | M21: KNACF911BNT283278 | N21: 101호2174 | O21: - | P21: 998 | Q21: 44494 | R21: 44497 | S21: 44497 | T21: 5 | U21: =IFERROR(S21+AC21, "-") -> 46322 | V21: =IFERROR(DATEDIF(TODAY(), U21, "m"), "-") -> 3 | W21: 20000 | X21: 이진근 | Y21: 010-7234-1114 | Z21: 동두천 | AA21: 경기도 동두천시 중앙로 260 (생연동) KT 동두천지점 2층 신흥정보통신 | AB21: 44505 | AC21: =365*T21 -> 1825 | AD21: =U21-TODAY() -> 96 | AE21: =VLOOKUP($B21, [1]렌트_계약서번호!$B$3:$E$501, 4, FALSE) -> 21100004 | AF21: 13234421 | AG21: 200000 | AH21: 12704000 | AI21: 0 | AJ21: 2000 | AK21: 461960 | AL21: 0 | AM21: 2000 | AN21: 27000 | AO21: 30000 | AP21: 430000 | AQ21: 0 | AR21: 엠피온 | AS21: 0 | AT21: 루마 전면 없음/측후면 15% | AV21: =SUM(AI21,AJ21,AM21,AN21,AO21, AQ21,AS21+AK21+AL21) -> 522960 | AW21: 렌터카 공제 | AX21: 44494 | AY21: 1138590 | AZ21: 1034460 | BD21: 만26세 | BE21: 무한대 | BF21: 2억원 | BG21: 1억원/1500만 | BH21: 2억원/1인당 | BI21: 30만원 | BJ21: 임직원 | BK21: 5회/년 | BL21: 가입 | BM21: 미가입 | BN21: 브랜드보증 외 사용자 부담 | BO21: 브랜드보증 외 사용자 부담 | BP21: HANKOOK 앞/뒤165 60R14 79H | BR21: =IF(P21<=1600,P21*18,IF(P21<=2500,P21*19,IF(P21>2500,P21*24,20000))) -> 17964 | BS21: 현금 | BX21: =BW21*BV21 -> 0 | BY21: =BX21-BU21 -> 0 | BZ21: 0 | CB21: 5 | CC21: 5 | CD21: 342650 | CE21: =T21*12 -> 60 | CF21: =CE21*CD21 -> 20559000 | CI21: 2506900 | CJ21: 0.04 | CK21: 0.04 | CL21: jhlee@shtel.co.kr | CO21: 0.03 | CQ21: 0 | CR21: 0 | CS21: 0 | CT21: 0 | CU21: 0 | CV21: 0 | CW21: 0 | CX21: 0 | CY21: 0 | CZ21: 0 | DA21: 0 | DB21: =IF(DC21="정수원 실장","기아", IF(DC21="박현식 부장", "현대", IF(DC21="김성진 팀장", "한성", IF(DC21="전석영 부장", "한성", IF(DC21= "박봉호 부장", "모토원",IF(DC21="정원철 부장", "한성")))))) -> 기아 | DC21: 정수원 실장 | DD21: =IF(DC21="정수원 실장","렌트베네핏", IF(DC21="박현식 부장", "렌트베네핏", IF(DC21="김성진 팀장", "청담", IF(DC21="전석영 부장", "방배", IF(DC21= "박봉호 부장", "일산",IF([1]렌트_차량관리_거래완료!DC23="정원철 부장", "청담")))))) -> 렌트베네핏 | DH21: 206-85-09469 | DI21: 주소 없음 | DJ21: 0.3 | DK21: 0.2
A22: 20 | B22: Ray-005 | C22: 장기렌트 | D22: 신흥정보통신㈜_5 | E22: 이종희 이사님 | F22: 010-3214-0636 | G22: Ray Van | H22: 스탠다드 A/T | I22: 12750000 | J22: 2022 | K22: White/Black | L22: 가솔린 | M22: KNACF911BNT283303 | N22: 101호2164 | O22: - | P22: 998 | Q22: 44494 | R22: 44497 | S22: 44497 | T22: 5 | U22: =IFERROR(S22+AC22, "-") -> 46322 | V22: =IFERROR(DATEDIF(TODAY(), U22, "m"), "-") -> 3 | W22: 20000 | X22: 이진근 | Y22: 010-7234-1114 | Z22: 동두천 | AA22: 경기도 동두천시 중앙로 260 (생연동) KT 동두천지점 2층 신흥정보통신 | AB22: 44505 | AC22: =365*T22 -> 1825 | AD22: =U22-TODAY() -> 96 | AE22: =VLOOKUP($B22, [1]렌트_계약서번호!$B$3:$E$501, 4, FALSE) -> 21100005 | AF22: 13234421 | AG22: 200000 | AH22: 12704000 | AI22: 0 | AJ22: 2000 | AK22: 461960 | AL22: 0 | AM22: 2000 | AN22: 27000 | AO22: 30000 | AP22: 430000 | AQ22: 0 | AR22: 엠피온 | AS22: 0 | AT22: 루마 전면 없음/측후면 15% | AV22: =SUM(AI22,AJ22,AM22,AN22,AO22, AQ22,AS22+AK22+AL22) -> 522960 | AW22: 렌터카 공제 | AX22: 44494 | AY22: 1138590 | AZ22: 1034460 | BD22: 만26세 | BE22: 무한대 | BF22: 2억원 | BG22: 1억원/1500만 | BH22: 2억원/1인당 | BI22: 30만원 | BJ22: 임직원 | BK22: 5회/년 | BL22: 가입 | BM22: 미가입 | BN22: 브랜드보증 외 사용자 부담 | BO22: 브랜드보증 외 사용자 부담 | BP22: HANKOOK 앞/뒤165 60R14 79H | BR22: =IF(P22<=1600,P22*18,IF(P22<=2500,P22*19,IF(P22>2500,P22*24,20000))) -> 17964 | BS22: 현금 | BX22: =BW22*BV22 -> 0 | BY22: =BX22-BU22 -> 0 | BZ22: 0 | CB22: 5 | CC22: 5 | CD22: 342650 | CE22: =T22*12 -> 60 | CF22: =CE22*CD22 -> 20559000 | CI22: 2506900 | CJ22: 0.04 | CK22: 0.04 | CL22: jhlee@shtel.co.kr | CO22: 0.03 | CQ22: 0 | CR22: 0 | CS22: 0 | CT22: 0 | CU22: 0 | CV22: 0 | CW22: 0 | CX22: 0 | CY22: 0 | CZ22: 0 | DA22: 0 | DB22: =IF(DC22="정수원 실장","기아", IF(DC22="박현식 부장", "현대", IF(DC22="김성진 팀장", "한성", IF(DC22="전석영 부장", "한성", IF(DC22= "박봉호 부장", "모토원",IF(DC22="정원철 부장", "한성")))))) -> 기아 | DC22: 정수원 실장 | DD22: =IF(DC22="정수원 실장","렌트베네핏", IF(DC22="박현식 부장", "렌트베네핏", IF(DC22="김성진 팀장", "청담", IF(DC22="전석영 부장", "방배", IF(DC22= "박봉호 부장", "일산",IF(DC77="정원철 부장", "청담")))))) -> 렌트베네핏 | DH22: 206-85-09469 | DI22: 주소 없음 | DJ22: 0.3 | DK22: 0.2
A23: 21 | B23: Ray-006 | C23: 장기렌트 | D23: 신흥정보통신㈜_6 | E23: 이종희 이사님 | F23: 010-3214-0636 | G23: Ray Van | H23: 스탠다드 A/T | I23: 12750000 | J23: 2022 | K23: White/Black | L23: 가솔린 | M23: KNACF911BNT283296 | N23: 125호8641 | O23: - | P23: 998 | Q23: 44494 | R23: 44497 | S23: 44497 | T23: 5 | U23: =IFERROR(S23+AC23, "-") -> 46322 | V23: =IFERROR(DATEDIF(TODAY(), U23, "m"), "-") -> 3 | W23: 20000 | X23: 이진근 | Y23: 010-7234-1114 | Z23: 동두천 | AA23: 경기도 동두천시 중앙로 260 (생연동) KT 동두천지점 2층 신흥정보통신 | AB23: 44505 | AC23: =365*T23 -> 1825 | AD23: =U23-TODAY() -> 96 | AE23: =VLOOKUP($B23, [1]렌트_계약서번호!$B$3:$E$501, 4, FALSE) -> 21100006 | AF23: 13234421 | AG23: 200000 | AH23: 12704000 | AI23: 0 | AJ23: 2000 | AK23: 461960 | AL23: 0 | AM23: 2000 | AN23: 27000 | AO23: 30000 | AP23: 430000 | AQ23: 0 | AR23: 엠피온 | AS23: 0 | AT23: 루마 전면 없음/측후면 15% | AV23: =SUM(AI23,AJ23,AM23,AN23,AO23, AQ23,AS23+AK23+AL23) -> 522960 | AW23: 렌터카 공제 | AX23: 44494 | AY23: 1138590 | AZ23: 1034460 | BD23: 만26세 | BE23: 무한대 | BF23: 2억원 | BG23: 1억원/1500만 | BH23: 2억원/1인당 | BI23: 30만원 | BJ23: 임직원 | BK23: 5회/년 | BL23: 가입 | BM23: 미가입 | BN23: 브랜드보증 외 사용자 부담 | BO23: 브랜드보증 외 사용자 부담 | BP23: HANKOOK 앞/뒤165 60R14 79H | BR23: =IF(P23<=1600,P23*18,IF(P23<=2500,P23*19,IF(P23>2500,P23*24,20000))) -> 17964 | BS23: 현금 | BX23: =BW23*BV23 -> 0 | BY23: =BX23-BU23 -> 0 | BZ23: 0 | CB23: 5 | CC23: 5 | CD23: 342650 | CE23: =T23*12 -> 60 | CF23: =CE23*CD23 -> 20559000 | CI23: 2506900 | CJ23: 0.04 | CK23: 0.04 | CL23: jhlee@shtel.co.kr | CO23: 0.03 | CQ23: 0 | CR23: 0 | CS23: 0 | CT23: 0 | CU23: 0 | CV23: 0 | CW23: 0 | CX23: 0 | CY23: 0 | CZ23: 0 | DA23: 0 | DB23: =IF(DC23="정수원 실장","기아", IF(DC23="박현식 부장", "현대", IF(DC23="김성진 팀장", "한성", IF(DC23="전석영 부장", "한성", IF(DC23= "박봉호 부장", "모토원",IF(DC23="정원철 부장", "한성")))))) -> 기아 | DC23: 정수원 실장 | DD23: =IF(DC23="정수원 실장","렌트베네핏", IF(DC23="박현식 부장", "렌트베네핏", IF(DC23="김성진 팀장", "청담", IF(DC23="전석영 부장", "방배", IF(DC23= "박봉호 부장", "일산",IF(DC78="정원철 부장", "청담")))))) -> 렌트베네핏 | DH23: 206-85-09469 | DI23: 주소 없음 | DJ23: 0.3 | DK23: 0.2
A24: 22 | B24: Ray-007 | C24: 장기렌트 | D24: 신흥정보통신㈜_7 | E24: 이종희 이사님 | F24: 010-3214-0636 | G24: Ray Van | H24: 스탠다드 A/T | I24: 12750000 | J24: 2022 | K24: White/Black | L24: 가솔린 | M24: KNACF911BNT283313 | N24: 101호2173 | O24: - | P24: 998 | Q24: 44494 | R24: 44497 | S24: 44497 | T24: 5 | U24: =IFERROR(S24+AC24, "-") -> 46322 | V24: =IFERROR(DATEDIF(TODAY(), U24, "m"), "-") -> 3 | W24: 20000 | X24: 이성호 | Y24: 010-9698-0404 | Z24: 경광주 | AA24: 경기도 광주시 중앙로 144 (경안동, KT광주지점) 3층 신흥정보통신 | AB24: 44505 | AC24: =365*T24 -> 1825 | AD24: =U24-TODAY() -> 96 | AE24: =VLOOKUP($B24, [1]렌트_계약서번호!$B$3:$E$501, 4, FALSE) -> 21100007 | AF24: 13234421 | AG24: 200000 | AH24: 12688000 | AI24: 0 | AJ24: 2000 | AK24: 461380 | AL24: 0 | AM24: 2000 | AN24: 27000 | AO24: 30000 | AP24: 430000 | AQ24: 0 | AR24: 엠피온 | AS24: 0 | AT24: 루마 전면 없음/측후면 15% | AV24: =SUM(AI24,AJ24,AM24,AN24,AO24, AQ24,AS24+AK24+AL24) -> 522380 | AW24: 렌터카 공제 | AX24: 44494 | AY24: 1138590 | AZ24: 1034460 | BD24: 만26세 | BE24: 무한대 | BF24: 2억원 | BG24: 1억원/1500만 | BH24: 2억원/1인당 | BI24: 30만원 | BJ24: 임직원 | BK24: 5회/년 | BL24: 가입 | BM24: 미가입 | BN24: 브랜드보증 외 사용자 부담 | BO24: 브랜드보증 외 사용자 부담 | BP24: HANKOOK 앞/뒤165 60R14 79H | BR24: =IF(P24<=1600,P24*18,IF(P24<=2500,P24*19,IF(P24>2500,P24*24,20000))) -> 17964 | BS24: 현금 | BX24: =BW24*BV24 -> 0 | BY24: =BX24-BU24 -> 0 | BZ24: 0 | CB24: 5 | CC24: 5 | CD24: 342650 | CE24: =T24*12 -> 60 | CF24: =CE24*CD24 -> 20559000 | CI24: 2506900 | CJ24: 0.04 | CK24: 0.04 | CL24: jhlee@shtel.co.kr | CO24: 0.03 | CQ24: 0 | CR24: 0 | CS24: 0 | CT24: 0 | CU24: 0 | CV24: 0 | CW24: 0 | CX24: 0 | CY24: 0 | CZ24: 0 | DA24: 0 | DB24: =IF(DC24="정수원 실장","기아", IF(DC24="박현식 부장", "현대", IF(DC24="김성진 팀장", "한성", IF(DC24="전석영 부장", "한성", IF(DC24= "박봉호 부장", "모토원",IF(DC24="정원철 부장", "한성")))))) -> 기아 | DC24: 정수원 실장 | DD24: =IF(DC24="정수원 실장","렌트베네핏", IF(DC24="박현식 부장", "렌트베네핏", IF(DC24="김성진 팀장", "청담", IF(DC24="전석영 부장", "방배", IF(DC24= "박봉호 부장", "일산",IF(DC79="정원철 부장", "청담")))))) -> 렌트베네핏 | DH24: 206-85-09469 | DI24: 주소 없음 | DJ24: 0.3 | DK24: 0.2
A25: 23 | B25: Ray-008 | C25: 장기렌트 | D25: 신흥정보통신㈜_8 | E25: 이종희 이사님 | F25: 010-3214-0636 | G25: Ray Van | H25: 스탠다드 A/T | I25: 12750000 | J25: 2022 | K25: White/Black | L25: 가솔린 | M25: KNACF911BNT283348 | N25: 101호2163 | O25: - | P25: 998 | Q25: 44494 | R25: 44497 | S25: 44497 | T25: 5 | U25: =IFERROR(S25+AC25, "-") -> 46322 | V25: =IFERROR(DATEDIF(TODAY(), U25, "m"), "-") -> 3 | W25: 20000 | X25: 이석환 | Y25: 010-3408-0977 | Z25: 동래 | AA25: 부산광역시 동래구 사직북로48번길 127 (온천동, KT미남지점) 2층 신흥정보통신 | AB25: 44505 | AC25: =365*T25 -> 1825 | AD25: =U25-TODAY() -> 96 | AE25: =VLOOKUP($B25, [1]렌트_계약서번호!$B$3:$E$501, 4, FALSE) -> 21100008 | AF25: 13234421 | AG25: 200000 | AH25: 12799000 | AI25: 0 | AJ25: 2000 | AK25: 465410 | AL25: 0 | AM25: 2000 | AN25: 27000 | AO25: 30000 | AP25: 430000 | AQ25: 0 | AR25: 엠피온 | AS25: 0 | AT25: 루마 전면 없음/측후면 15% | AV25: =SUM(AI25,AJ25,AM25,AN25,AO25, AQ25,AS25+AK25+AL25) -> 526410 | AW25: 렌터카 공제 | AX25: 44494 | AY25: 1138590 | AZ25: 1034460 | BD25: 만26세 | BE25: 무한대 | BF25: 2억원 | BG25: 1억원/1500만 | BH25: 2억원/1인당 | BI25: 30만원 | BJ25: 임직원 | BK25: 5회/년 | BL25: 가입 | BM25: 미가입 | BN25: 브랜드보증 외 사용자 부담 | BO25: 브랜드보증 외 사용자 부담 | BP25: HANKOOK 앞/뒤165 60R14 79H | BR25: =IF(P25<=1600,P25*18,IF(P25<=2500,P25*19,IF(P25>2500,P25*24,20000))) -> 17964 | BS25: 현금 | BX25: =BW25*BV25 -> 0 | BY25: =BX25-BU25 -> 0 | BZ25: 0 | CB25: 5 | CC25: 5 | CD25: 342650 | CE25: =T25*12 -> 60 | CF25: =CE25*CD25 -> 20559000 | CI25: 2506900 | CJ25: 0.04 | CK25: 0.04 | CL25: jhlee@shtel.co.kr | CO25: 0.03 | CQ25: 0 | CR25: 0 | CS25: 0 | CT25: 0 | CU25: 0 | CV25: 0 | CW25: 0 | CX25: 0 | CY25: 0 | CZ25: 0 | DA25: 0 | DB25: =IF(DC25="정수원 실장","기아", IF(DC25="박현식 부장", "현대", IF(DC25="김성진 팀장", "한성", IF(DC25="전석영 부장", "한성", IF(DC25= "박봉호 부장", "모토원",IF(DC25="정원철 부장", "한성")))))) -> 기아 | DC25: 정수원 실장 | DD25: =IF(DC25="정수원 실장","렌트베네핏", IF(DC25="박현식 부장", "렌트베네핏", IF(DC25="김성진 팀장", "청담", IF(DC25="전석영 부장", "방배", IF(DC25= "박봉호 부장", "일산",IF(DC80="정원철 부장", "청담")))))) -> 렌트베네핏 | DH25: 206-85-09469 | DI25: 주소 없음 | DJ25: 0.3 | DK25: 0.2
A26: 24 | B26: Ray-009 | C26: 장기렌트 | D26: 신흥정보통신㈜_9 | E26: 이종희 이사님 | F26: 010-3214-0636 | G26: Ray Van | H26: 스탠다드 A/T | I26: 12750000 | J26: 2022 | K26: White/Black | L26: 가솔린 | M26: KNACF911BNT283350 | N26: 101호2167 | O26: - | P26: 998 | Q26: 44494 | R26: 44497 | S26: 44497 | T26: 5 | U26: =IFERROR(S26+AC26, "-") -> 46322 | V26: =IFERROR(DATEDIF(TODAY(), U26, "m"), "-") -> 3 | W26: 20000 | X26: 이석환 | Y26: 010-3408-0977 | Z26: 동래 | AA26: 부산광역시 동래구 사직북로48번길 127 (온천동, KT미남지점) 2층 신흥정보통신 | AB26: 44505 | AC26: =365*T26 -> 1825 | AD26: =U26-TODAY() -> 96 | AE26: =VLOOKUP($B26, [1]렌트_계약서번호!$B$3:$E$501, 4, FALSE) -> 21100009 | AF26: 13234421 | AG26: 200000 | AH26: 12799000 | AI26: 0 | AJ26: 2000 | AK26: 465410 | AL26: 0 | AM26: 2000 | AN26: 27000 | AO26: 30000 | AP26: 430000 | AQ26: 0 | AR26: 엠피온 | AS26: 0 | AT26: 루마 전면 없음/측후면 15% | AV26: =SUM(AI26,AJ26,AM26,AN26,AO26, AQ26,AS26+AK26+AL26) -> 526410 | AW26: 렌터카 공제 | AX26: 44494 | AY26: 1138590 | AZ26: 1034460 | BD26: 만26세 | BE26: 무한대 | BF26: 2억원 | BG26: 1억원/1500만 | BH26: 2억원/1인당 | BI26: 30만원 | BJ26: 임직원 | BK26: 5회/년 | BL26: 가입 | BM26: 미가입 | BN26: 브랜드보증 외 사용자 부담 | BO26: 브랜드보증 외 사용자 부담 | BP26: HANKOOK 앞/뒤165 60R14 79H | BR26: =IF(P26<=1600,P26*18,IF(P26<=2500,P26*19,IF(P26>2500,P26*24,20000))) -> 17964 | BS26: 현금 | BX26: =BW26*BV26 -> 0 | BY26: =BX26-BU26 -> 0 | BZ26: 0 | CB26: 5 | CC26: 5 | CD26: 342650 | CE26: =T26*12 -> 60 | CF26: =CE26*CD26 -> 20559000 | CI26: 2506900 | CJ26: 0.04 | CK26: 0.04 | CL26: jhlee@shtel.co.kr | CO26: 0.03 | CQ26: 0 | CR26: 0 | CS26: 0 | CT26: 0 | CU26: 0 | CV26: 0 | CW26: 0 | CX26: 0 | CY26: 0 | CZ26: 0 | DA26: 0 | DB26: =IF(DC26="정수원 실장","기아", IF(DC26="박현식 부장", "현대", IF(DC26="김성진 팀장", "한성", IF(DC26="전석영 부장", "한성", IF(DC26= "박봉호 부장", "모토원",IF(DC26="정원철 부장", "한성")))))) -> 기아 | DC26: 정수원 실장 | DD26: =IF(DC26="정수원 실장","렌트베네핏", IF(DC26="박현식 부장", "렌트베네핏", IF(DC26="김성진 팀장", "청담", IF(DC26="전석영 부장", "방배", IF(DC26= "박봉호 부장", "일산",IF(DC81="정원철 부장", "청담")))))) -> 렌트베네핏 | DH26: 206-85-09469 | DI26: 주소 없음 | DJ26: 0.3 | DK26: 0.2
A27: 25 | B27: Ray-010 | C27: 장기렌트 | D27: 신흥정보통신㈜_10 | E27: 이종희 이사님 | F27: 010-3214-0636 | G27: Ray Van | H27: 스탠다드 A/T | I27: 12750000 | J27: 2022 | K27: White/Black | L27: 가솔린 | M27: KNACF911BNT283362 | N27: 101호2176 | O27: - | P27: 998 | Q27: 44494 | R27: 44497 | S27: 44497 | T27: 5 | U27: =IFERROR(S27+AC27, "-") -> 46322 | V27: =IFERROR(DATEDIF(TODAY(), U27, "m"), "-") -> 3 | W27: 20000 | X27: 이석환 | Y27: 010-3408-0977 | Z27: 동래 | AA27: 부산광역시 동래구 사직북로48번길 127 (온천동, KT미남지점) 2층 신흥정보통신 | AB27: 44505 | AC27: =365*T27 -> 1825 | AD27: =U27-TODAY() -> 96 | AE27: =VLOOKUP($B27, [1]렌트_계약서번호!$B$3:$E$501, 4, FALSE) -> 21100010 | AF27: 13234421 | AG27: 200000 | AH27: 12799000 | AI27: 0 | AJ27: 2000 | AK27: 465410 | AL27: 0 | AM27: 2000 | AN27: 27000 | AO27: 30000 | AP27: 430000 | AQ27: 0 | AR27: 엠피온 | AS27: 0 | AT27: 루마 전면 없음/측후면 15% | AV27: =SUM(AI27,AJ27,AM27,AN27,AO27, AQ27,AS27+AK27+AL27) -> 526410 | AW27: 렌터카 공제 | AX27: 44494 | AY27: 1138590 | AZ27: 1034460 | BD27: 만26세 | BE27: 무한대 | BF27: 2억원 | BG27: 1억원/1500만 | BH27: 2억원/1인당 | BI27: 30만원 | BJ27: 임직원 | BK27: 5회/년 | BL27: 가입 | BM27: 미가입 | BN27: 브랜드보증 외 사용자 부담 | BO27: 브랜드보증 외 사용자 부담 | BP27: HANKOOK 앞/뒤165 60R14 79H | BR27: =IF(P27<=1600,P27*18,IF(P27<=2500,P27*19,IF(P27>2500,P27*24,20000))) -> 17964 | BS27: 현금 | BX27: =BW27*BV27 -> 0 | BY27: =BX27-BU27 -> 0 | BZ27: 0 | CB27: 5 | CC27: 5 | CD27: 342650 | CE27: =T27*12 -> 60 | CF27: =CE27*CD27 -> 20559000 | CI27: 2506900 | CJ27: 0.04 | CK27: 0.04 | CL27: jhlee@shtel.co.kr | CO27: 0.03 | CQ27: 0 | CR27: 0 | CS27: 0 | CT27: 0 | CU27: 0 | CV27: 0 | CW27: 0 | CX27: 0 | CY27: 0 | CZ27: 0 | DA27: 0 | DB27: =IF(DC27="정수원 실장","기아", IF(DC27="박현식 부장", "현대", IF(DC27="김성진 팀장", "한성", IF(DC27="전석영 부장", "한성", IF(DC27= "박봉호 부장", "모토원",IF(DC27="정원철 부장", "한성")))))) -> 기아 | DC27: 정수원 실장 | DD27: =IF(DC27="정수원 실장","렌트베네핏", IF(DC27="박현식 부장", "렌트베네핏", IF(DC27="김성진 팀장", "청담", IF(DC27="전석영 부장", "방배", IF(DC27= "박봉호 부장", "일산",IF(DC82="정원철 부장", "청담")))))) -> 렌트베네핏 | DH27: 206-85-09469 | DI27: 주소 없음 | DJ27: 0.3 | DK27: 0.2
A28: 26 | B28: Ray-011 | C28: 장기렌트 | D28: 신흥정보통신㈜_11 | E28: 이종희 이사님 | F28: 010-3214-0636 | G28: Ray Van | H28: 스탠다드 A/T | I28: 12750000 | J28: 2022 | K28: White/Black | L28: 가솔린 | M28: KNACF911BNT283365 | N28: 101호2177 | O28: - | P28: 998 | Q28: 44494 | R28: 44497 | S28: 44497 | T28: 5 | U28: =IFERROR(S28+AC28, "-") -> 46322 | V28: =IFERROR(DATEDIF(TODAY(), U28, "m"), "-") -> 3 | W28: 20000 | X28: 김상덕 | Y28: 010-9800-0189 | Z28: 서부산 | AA28: 부산광역시 중구 중앙대로 136 (중앙동, KT중부산지사) 3층 신흥정보통신 | AB28: 44505 | AC28: =365*T28 -> 1825 | AD28: =U28-TODAY() -> 96 | AE28: =VLOOKUP($B28, [1]렌트_계약서번호!$B$3:$E$501, 4, FALSE) -> 21100011 | AF28: 13234421 | AG28: 200000 | AH28: 12786000 | AI28: 0 | AJ28: 2000 | AK28: 464940 | AL28: 0 | AM28: 2000 | AN28: 27000 | AO28: 30000 | AP28: 430000 | AQ28: 0 | AR28: 엠피온 | AS28: 0 | AT28: 루마 전면 없음/측후면 15% | AV28: =SUM(AI28,AJ28,AM28,AN28,AO28, AQ28,AS28+AK28+AL28) -> 525940 | AW28: 렌터카 공제 | AX28: 44494 | AY28: 1138590 | AZ28: 1034460 | BD28: 만26세 | BE28: 무한대 | BF28: 2억원 | BG28: 1억원/1500만 | BH28: 2억원/1인당 | BI28: 30만원 | BJ28: 임직원 | BK28: 5회/년 | BL28: 가입 | BM28: 미가입 | BN28: 브랜드보증 외 사용자 부담 | BO28: 브랜드보증 외 사용자 부담 | BP28: HANKOOK 앞/뒤165 60R14 79H | BR28: =IF(P28<=1600,P28*18,IF(P28<=2500,P28*19,IF(P28>2500,P28*24,20000))) -> 17964 | BS28: 현금 | BX28: =BW28*BV28 -> 0 | BY28: =BX28-BU28 -> 0 | BZ28: 0 | CB28: 5 | CC28: 5 | CD28: 342650 | CE28: =T28*12 -> 60 | CF28: =CE28*CD28 -> 20559000 | CI28: 2506900 | CJ28: 0.04 | CK28: 0.04 | CL28: jhlee@shtel.co.kr | CO28: 0.03 | CQ28: 0 | CR28: 0 | CS28: 0 | CT28: 0 | CU28: 0 | CV28: 0 | CW28: 0 | CX28: 0 | CY28: 0 | CZ28: 0 | DA28: 0 | DB28: =IF(DC28="정수원 실장","기아", IF(DC28="박현식 부장", "현대", IF(DC28="김성진 팀장", "한성", IF(DC28="전석영 부장", "한성", IF(DC28= "박봉호 부장", "모토원",IF(DC28="정원철 부장", "한성")))))) -> 기아 | DC28: 정수원 실장 | DD28: =IF(DC28="정수원 실장","렌트베네핏", IF(DC28="박현식 부장", "렌트베네핏", IF(DC28="김성진 팀장", "청담", IF(DC28="전석영 부장", "방배", IF(DC28= "박봉호 부장", "일산",IF(DC83="정원철 부장", "청담")))))) -> 렌트베네핏 | DH28: 206-85-09469 | DI28: 주소 없음 | DJ28: 0.3 | DK28: 0.2
A29: 27 | B29: Ray-012 | C29: 장기렌트 | D29: 신흥정보통신㈜_12 | E29: 이종희 이사님 | F29: 010-3214-0636 | G29: Ray Van | H29: 스탠다드 A/T | I29: 12750000 | J29: 2022 | K29: White/Black | L29: 가솔린 | M29: KNACF911BNT283427 | N29: 101호2178 | O29: - | P29: 998 | Q29: 44494 | R29: 44497 | S29: 44497 | T29: 5 | U29: =IFERROR(S29+AC29, "-") -> 46322 | V29: =IFERROR(DATEDIF(TODAY(), U29, "m"), "-") -> 3 | W29: 20000 | X29: 김지호 | Y29: 010-9608-8884 | Z29: 구봉 | AA29: 대전광역시 서구 관저북로 6 (관저동) KT구봉지점 2층 신흥정보통신 | AB29: 44505 | AC29: =365*T29 -> 1825 | AD29: =U29-TODAY() -> 96 | AE29: =VLOOKUP($B29, [1]렌트_계약서번호!$B$3:$E$501, 4, FALSE) -> 21100012 | AF29: 13234421 | AG29: 200000 | AH29: 12682000 | AI29: 0 | AJ29: 2000 | AK29: 461160 | AL29: 0 | AM29: 2000 | AN29: 27000 | AO29: 30000 | AP29: 430000 | AQ29: 0 | AR29: 엠피온 | AS29: 0 | AT29: 루마 전면 없음/측후면 15% | AV29: =SUM(AI29,AJ29,AM29,AN29,AO29, AQ29,AS29+AK29+AL29) -> 522160 | AW29: 렌터카 공제 | AX29: 44494 | AY29: 1138590 | AZ29: 1034460 | BD29: 만26세 | BE29: 무한대 | BF29: 2억원 | BG29: 1억원/1500만 | BH29: 2억원/1인당 | BI29: 30만원 | BJ29: 임직원 | BK29: 5회/년 | BL29: 가입 | BM29: 미가입 | BN29: 브랜드보증 외 사용자 부담 | BO29: 브랜드보증 외 사용자 부담 | BP29: HANKOOK 앞/뒤165 60R14 79H | BR29: =IF(P29<=1600,P29*18,IF(P29<=2500,P29*19,IF(P29>2500,P29*24,20000))) -> 17964 | BS29: 현금 | BX29: =BW29*BV29 -> 0 | BY29: =BX29-BU29 -> 0 | BZ29: 0 | CB29: 5 | CC29: 5 | CD29: 342650 | CE29: =T29*12 -> 60 | CF29: =CE29*CD29 -> 20559000 | CI29: 2506900 | CJ29: 0.04 | CK29: 0.04 | CL29: jhlee@shtel.co.kr | CO29: 0.03 | CQ29: 0 | CR29: 0 | CS29: 0 | CT29: 0 | CU29: 0 | CV29: 0 | CW29: 0 | CX29: 0 | CY29: 0 | CZ29: 0 | DA29: 0 | DB29: =IF(DC29="정수원 실장","기아", IF(DC29="박현식 부장", "현대", IF(DC29="김성진 팀장", "한성", IF(DC29="전석영 부장", "한성", IF(DC29= "박봉호 부장", "모토원",IF(DC29="정원철 부장", "한성")))))) -> 기아 | DC29: 정수원 실장 | DD29: =IF(DC29="정수원 실장","렌트베네핏", IF(DC29="박현식 부장", "렌트베네핏", IF(DC29="김성진 팀장", "청담", IF(DC29="전석영 부장", "방배", IF(DC29= "박봉호 부장", "일산",IF(DC84="정원철 부장", "청담")))))) -> 렌트베네핏 | DH29: 206-85-09469 | DI29: 주소 없음 | DJ29: 0.3 | DK29: 0.2
A30: 28 | B30: Ray-013 | C30: 장기렌트 | D30: 신흥정보통신㈜_13 | E30: 이종희 이사님 | F30: 010-3214-0636 | G30: Ray Van | H30: 스탠다드 A/T | I30: 12750000 | J30: 2022 | K30: White/Black | L30: 가솔린 | M30: KNACF911BNT283366 | N30: 101호2168 | O30: - | P30: 998 | Q30: 44494 | R30: 44497 | S30: 44497 | T30: 5 | U30: =IFERROR(S30+AC30, "-") -> 46322 | V30: =IFERROR(DATEDIF(TODAY(), U30, "m"), "-") -> 3 | W30: 20000 | X30: 김지호 | Y30: 010-9608-8884 | Z30: 구봉 | AA30: 대전광역시 서구 관저북로 6 (관저동) KT구봉지점 2층 신흥정보통신 | AB30: 44505 | AC30: =365*T30 -> 1825 | AD30: =U30-TODAY() -> 96 | AE30: =VLOOKUP($B30, [1]렌트_계약서번호!$B$3:$E$501, 4, FALSE) -> 21100013 | AF30: 13234421 | AG30: 200000 | AH30: 12682000 | AI30: 0 | AJ30: 2000 | AK30: 461160 | AL30: 0 | AM30: 2000 | AN30: 27000 | AO30: 30000 | AP30: 430000 | AQ30: 0 | AR30: 엠피온 | AS30: 0 | AT30: 루마 전면 없음/측후면 15% | AV30: =SUM(AI30,AJ30,AM30,AN30,AO30, AQ30,AS30+AK30+AL30) -> 522160 | AW30: 렌터카 공제 | AX30: 44494 | AY30: 1138590 | AZ30: 1034460 | BD30: 만26세 | BE30: 무한대 | BF30: 2억원 | BG30: 1억원/1500만 | BH30: 2억원/1인당 | BI30: 30만원 | BJ30: 임직원 | BK30: 5회/년 | BL30: 가입 | BM30: 미가입 | BN30: 브랜드보증 외 사용자 부담 | BO30: 브랜드보증 외 사용자 부담 | BP30: HANKOOK 앞/뒤165 60R14 79H | BR30: =IF(P30<=1600,P30*18,IF(P30<=2500,P30*19,IF(P30>2500,P30*24,20000))) -> 17964 | BS30: 현금 | BX30: =BW30*BV30 -> 0 | BY30: =BX30-BU30 -> 0 | BZ30: 0 | CB30: 5 | CC30: 5 | CD30: 342650 | CE30: =T30*12 -> 60 | CF30: =CE30*CD30 -> 20559000 | CI30: 2506900 | CJ30: 0.04 | CK30: 0.04 | CL30: jhlee@shtel.co.kr | CO30: 0.03 | CQ30: 0 | CR30: 0 | CS30: 0 | CT30: 0 | CU30: 0 | CV30: 0 | CW30: 0 | CX30: 0 | CY30: 0 | CZ30: 0 | DA30: 0 | DB30: =IF(DC30="정수원 실장","기아", IF(DC30="박현식 부장", "현대", IF(DC30="김성진 팀장", "한성", IF(DC30="전석영 부장", "한성", IF(DC30= "박봉호 부장", "모토원",IF(DC30="정원철 부장", "한성")))))) -> 기아 | DC30: 정수원 실장 | DD30: =IF(DC30="정수원 실장","렌트베네핏", IF(DC30="박현식 부장", "렌트베네핏", IF(DC30="김성진 팀장", "청담", IF(DC30="전석영 부장", "방배", IF(DC30= "박봉호 부장", "일산",IF(#REF!="정원철 부장", "청담")))))) -> 렌트베네핏 | DH30: 206-85-09469 | DI30: 주소 없음 | DJ30: 0.3 | DK30: 0.2
A31: 29 | B31: Ray-014 | C31: 장기렌트 | D31: 신흥정보통신㈜_14 | E31: 이종희 이사님 | F31: 010-3214-0636 | G31: Ray Van | H31: 스탠다드 A/T | I31: 12750000 | J31: 2022 | K31: White/Black | L31: 가솔린 | M31: KNACF911BNT283483 | N31: 101호2169 | O31: - | P31: 998 | Q31: 44494 | R31: 44497 | S31: 44497 | T31: 5 | U31: =IFERROR(S31+AC31, "-") -> 46322 | V31: =IFERROR(DATEDIF(TODAY(), U31, "m"), "-") -> 3 | W31: 20000 | X31: 남진한 | Y31: 010-3479-8628 | Z31: 서대전 | AA31: 대전광역시 서구 괴정로 72 (괴정동) KT서대전지사 2층 신흥정보통신 | AB31: 44505 | AC31: =365*T31 -> 1825 | AD31: =U31-TODAY() -> 96 | AE31: =VLOOKUP($B31, [1]렌트_계약서번호!$B$3:$E$501, 4, FALSE) -> 21100014 | AF31: 13234421 | AG31: 200000 | AH31: 12682000 | AI31: 0 | AJ31: 2000 | AK31: 461160 | AL31: 0 | AM31: 2000 | AN31: 27000 | AO31: 30000 | AP31: 430000 | AQ31: 0 | AR31: 엠피온 | AS31: 0 | AT31: 루마 전면 없음/측후면 15% | AV31: =SUM(AI31,AJ31,AM31,AN31,AO31, AQ31,AS31+AK31+AL31) -> 522160 | AW31: 렌터카 공제 | AX31: 44494 | AY31: 1138590 | AZ31: 1034460 | BD31: 만26세 | BE31: 무한대 | BF31: 2억원 | BG31: 1억원/1500만 | BH31: 2억원/1인당 | BI31: 30만원 | BJ31: 임직원 | BK31: 5회/년 | BL31: 가입 | BM31: 미가입 | BN31: 브랜드보증 외 사용자 부담 | BO31: 브랜드보증 외 사용자 부담 | BP31: HANKOOK 앞/뒤165 60R14 79H | BR31: =IF(P31<=1600,P31*18,IF(P31<=2500,P31*19,IF(P31>2500,P31*24,20000))) -> 17964 | BS31: 현금 | BX31: =BW31*BV31 -> 0 | BY31: =BX31-BU31 -> 0 | BZ31: 0 | CB31: 5 | CC31: 5 | CD31: 342650 | CE31: =T31*12 -> 60 | CF31: =CE31*CD31 -> 20559000 | CI31: 2506900 | CJ31: 0.04 | CK31: 0.04 | CL31: jhlee@shtel.co.kr | CO31: 0.03 | CQ31: 0 | CR31: 0 | CS31: 0 | CT31: 0 | CU31: 0 | CV31: 0 | CW31: 0 | CX31: 0 | CY31: 0 | CZ31: 0 | DA31: 0 | DB31: =IF(DC31="정수원 실장","기아", IF(DC31="박현식 부장", "현대", IF(DC31="김성진 팀장", "한성", IF(DC31="전석영 부장", "한성", IF(DC31= "박봉호 부장", "모토원",IF(DC31="정원철 부장", "한성")))))) -> 기아 | DC31: 정수원 실장 | DD31: =IF(DC31="정수원 실장","렌트베네핏", IF(DC31="박현식 부장", "렌트베네핏", IF(DC31="김성진 팀장", "청담", IF(DC31="전석영 부장", "방배", IF(DC31= "박봉호 부장", "일산",IF(#REF!="정원철 부장", "청담")))))) -> 렌트베네핏 | DH31: 206-85-09469 | DI31: 주소 없음 | DJ31: 0.3 | DK31: 0.2
A32: 30 | B32: Ray-015 | C32: 장기렌트 | D32: 신흥정보통신㈜_15 | E32: 이종희 이사님 | F32: 010-3214-0636 | G32: Ray Van | H32: 스탠다드 A/T | I32: 12750000 | J32: 2022 | K32: White/Black | L32: 가솔린 | M32: KNACF911BNT283551 | N32: 101호2171 | O32: - | P32: 998 | Q32: 44494 | R32: 44497 | S32: 44497 | T32: 5 | U32: =IFERROR(S32+AC32, "-") -> 46322 | V32: =IFERROR(DATEDIF(TODAY(), U32, "m"), "-") -> 3 | W32: 20000 | X32: 김지호 | Y32: 010-9608-8884 | Z32: 구봉 | AA32: 대전광역시 서구 관저북로 6 (관저동) KT구봉지점 2층 신흥정보통신 | AB32: 44505 | AC32: =365*T32 -> 1825 | AD32: =U32-TODAY() -> 96 | AE32: =VLOOKUP($B32, [1]렌트_계약서번호!$B$3:$E$501, 4, FALSE) -> 21100015 | AF32: 13234421 | AG32: 200000 | AH32: 12682000 | AI32: 0 | AJ32: 2000 | AK32: 461160 | AL32: 0 | AM32: 2000 | AN32: 27000 | AO32: 30000 | AP32: 430000 | AQ32: 0 | AR32: 엠피온 | AS32: 0 | AT32: 루마 전면 없음/측후면 15% | AV32: =SUM(AI32,AJ32,AM32,AN32,AO32, AQ32,AS32+AK32+AL32) -> 522160 | AW32: 렌터카 공제 | AX32: 44494 | AY32: 1138590 | AZ32: 1034460 | BD32: 만26세 | BE32: 무한대 | BF32: 2억원 | BG32: 1억원/1500만 | BH32: 2억원/1인당 | BI32: 30만원 | BJ32: 임직원 | BK32: 5회/년 | BL32: 가입 | BM32: 미가입 | BN32: 브랜드보증 외 사용자 부담 | BO32: 브랜드보증 외 사용자 부담 | BP32: HANKOOK 앞/뒤165 60R14 79H | BR32: =IF(P32<=1600,P32*18,IF(P32<=2500,P32*19,IF(P32>2500,P32*24,20000))) -> 17964 | BS32: 현금 | BX32: =BW32*BV32 -> 0 | BY32: =BX32-BU32 -> 0 | BZ32: 0 | CB32: 5 | CC32: 5 | CD32: 342650 | CE32: =T32*12 -> 60 | CF32: =CE32*CD32 -> 20559000 | CI32: 2506900 | CJ32: 0.04 | CK32: 0.04 | CL32: jhlee@shtel.co.kr | CO32: 0.03 | CQ32: 0 | CR32: 0 | CS32: 0 | CT32: 0 | CU32: 0 | CV32: 0 | CW32: 0 | CX32: 0 | CY32: 0 | CZ32: 0 | DA32: 0 | DB32: =IF(DC32="정수원 실장","기아", IF(DC32="박현식 부장", "현대", IF(DC32="김성진 팀장", "한성", IF(DC32="전석영 부장", "한성", IF(DC32= "박봉호 부장", "모토원",IF(DC32="정원철 부장", "한성")))))) -> 기아 | DC32: 정수원 실장 | DD32: =IF(DC32="정수원 실장","렌트베네핏", IF(DC32="박현식 부장", "렌트베네핏", IF(DC32="김성진 팀장", "청담", IF(DC32="전석영 부장", "방배", IF(DC32= "박봉호 부장", "일산",IF(DC93="정원철 부장", "청담")))))) -> 렌트베네핏 | DH32: 206-85-09469 | DI32: 주소 없음 | DJ32: 0.3 | DK32: 0.2
A33: 31 | B33: Ray-016 | C33: 장기렌트 | D33: 신흥정보통신㈜_16 | E33: 이종희 이사님 | F33: 010-3214-0636 | G33: Ray Van | H33: 스탠다드 A/T | I33: 12750000 | J33: 2022 | K33: White/Black | L33: 가솔린 | M33: KNACF911BNT283500 | N33: 101호2172 | O33: - | P33: 998 | Q33: 44494 | R33: 44497 | S33: 44497 | T33: 5 | U33: =IFERROR(S33+AC33, "-") -> 46322 | V33: =IFERROR(DATEDIF(TODAY(), U33, "m"), "-") -> 3 | W33: 20000 | X33: 남진한 | Y33: 010-3479-8628 | Z33: 서대전 | AA33: 대전광역시 서구 괴정로 72 (괴정동) KT서대전지사 2층 신흥정보통신 | AB33: 44505 | AC33: =365*T33 -> 1825 | AD33: =U33-TODAY() -> 96 | AE33: =VLOOKUP($B33, [1]렌트_계약서번호!$B$3:$E$501, 4, FALSE) -> 21100016 | AF33: 13234421 | AG33: 200000 | AH33: 12682000 | AI33: 0 | AJ33: 2000 | AK33: 461160 | AL33: 0 | AM33: 2000 | AN33: 27000 | AO33: 30000 | AP33: 430000 | AQ33: 0 | AR33: 엠피온 | AS33: 0 | AT33: 루마 전면 없음/측후면 15% | AV33: =SUM(AI33,AJ33,AM33,AN33,AO33, AQ33,AS33+AK33+AL33) -> 522160 | AW33: 렌터카 공제 | AX33: 44494 | AY33: 1138590 | AZ33: 1034460 | BD33: 만26세 | BE33: 무한대 | BF33: 2억원 | BG33: 1억원/1500만 | BH33: 2억원/1인당 | BI33: 30만원 | BJ33: 임직원 | BK33: 5회/년 | BL33: 가입 | BM33: 미가입 | BN33: 브랜드보증 외 사용자 부담 | BO33: 브랜드보증 외 사용자 부담 | BP33: HANKOOK 앞/뒤165 60R14 79H | BR33: =IF(P33<=1600,P33*18,IF(P33<=2500,P33*19,IF(P33>2500,P33*24,20000))) -> 17964 | BS33: 현금 | BX33: =BW33*BV33 -> 0 | BY33: =BX33-BU33 -> 0 | BZ33: 0 | CB33: 5 | CC33: 5 | CD33: 342650 | CE33: =T33*12 -> 60 | CF33: =CE33*CD33 -> 20559000 | CI33: 2506900 | CJ33: 0.04 | CK33: 0.04 | CL33: jhlee@shtel.co.kr | CO33: 0.03 | CQ33: 0 | CR33: 0 | CS33: 0 | CT33: 0 | CU33: 0 | CV33: 0 | CW33: 0 | CX33: 0 | CY33: 0 | CZ33: 0 | DA33: 0 | DB33: =IF(DC33="정수원 실장","기아", IF(DC33="박현식 부장", "현대", IF(DC33="김성진 팀장", "한성", IF(DC33="전석영 부장", "한성", IF(DC33= "박봉호 부장", "모토원",IF(DC33="정원철 부장", "한성")))))) -> 기아 | DC33: 정수원 실장 | DD33: =IF(DC33="정수원 실장","렌트베네핏", IF(DC33="박현식 부장", "렌트베네핏", IF(DC33="김성진 팀장", "청담", IF(DC33="전석영 부장", "방배", IF(DC33= "박봉호 부장", "일산",IF(DC94="정원철 부장", "청담")))))) -> 렌트베네핏 | DH33: 206-85-09469 | DI33: 주소 없음 | DJ33: 0.3 | DK33: 0.2
A34: 32 | B34: Ray-017 | C34: 장기렌트 | D34: 신흥정보통신㈜_17 | E34: 이종희 이사님 | F34: 010-3214-0636 | G34: Ray Van | H34: 스탠다드 A/T | I34: 12750000 | J34: 2022 | K34: White/Black | L34: 가솔린 | M34: KNACF911BNT283506 | N34: 101호2181 | O34: - | P34: 998 | Q34: 44494 | R34: 44497 | S34: 44497 | T34: 5 | U34: =IFERROR(S34+AC34, "-") -> 46322 | V34: =IFERROR(DATEDIF(TODAY(), U34, "m"), "-") -> 3 | W34: 20000 | X34: 남진한 | Y34: 010-3479-8628 | Z34: 서대전 | AB34: 44505 | AC34: =365*T34 -> 1825 | AD34: =U34-TODAY() -> 96 | AE34: =VLOOKUP($B34, [1]렌트_계약서번호!$B$3:$E$501, 4, FALSE) -> 21100017 | AF34: 13234421 | AG34: 200000 | AH34: 12682000 | AI34: 0 | AJ34: 2000 | AK34: 461160 | AL34: 0 | AM34: 2000 | AN34: 27000 | AO34: 30000 | AP34: 430000 | AQ34: 0 | AR34: 엠피온 | AS34: 0 | AT34: 루마 전면 없음/측후면 15% | AV34: =SUM(AI34,AJ34,AM34,AN34,AO34, AQ34,AS34+AK34+AL34) -> 522160 | AW34: 렌터카 공제 | AX34: 44494 | AY34: 1138590 | AZ34: 1034460 | BD34: 만26세 | BE34: 무한대 | BF34: 2억원 | BG34: 1억원/1500만 | BH34: 2억원/1인당 | BI34: 30만원 | BJ34: 임직원 | BK34: 5회/년 | BL34: 가입 | BM34: 미가입 | BN34: 브랜드보증 외 사용자 부담 | BO34: 브랜드보증 외 사용자 부담 | BP34: HANKOOK 앞/뒤165 60R14 79H | BR34: =IF(P34<=1600,P34*18,IF(P34<=2500,P34*19,IF(P34>2500,P34*24,20000))) -> 17964 | BS34: 현금 | BX34: =BW34*BV34 -> 0 | BY34: =BX34-BU34 -> 0 | BZ34: 0 | CB34: 5 | CC34: 5 | CD34: 342650 | CE34: =T34*12 -> 60 | CF34: =CE34*CD34 -> 20559000 | CI34: 2506900 | CJ34: 0.04 | CK34: 0.04 | CL34: jhlee@shtel.co.kr | CO34: 0.03 | CQ34: 0 | CR34: 0 | CS34: 0 | CT34: 0 | CU34: 0 | CV34: 0 | CW34: 0 | CX34: 0 | CY34: 0 | CZ34: 0 | DA34: 0 | DB34: =IF(DC34="정수원 실장","기아", IF(DC34="박현식 부장", "현대", IF(DC34="김성진 팀장", "한성", IF(DC34="전석영 부장", "한성", IF(DC34= "박봉호 부장", "모토원",IF(DC34="정원철 부장", "한성")))))) -> 기아 | DC34: 정수원 실장 | DD34: =IF(DC34="정수원 실장","렌트베네핏", IF(DC34="박현식 부장", "렌트베네핏", IF(DC34="김성진 팀장", "청담", IF(DC34="전석영 부장", "방배", IF(DC34= "박봉호 부장", "일산",IF(#REF!="정원철 부장", "청담")))))) -> 렌트베네핏 | DH34: 206-85-09469 | DI34: 주소 없음 | DJ34: 0.3 | DK34: 0.2
A35: 33 | B35: Ray-018 | C35: 장기렌트 | D35: 신흥정보통신㈜_18 | E35: 이종희 이사님 | F35: 010-3214-0636 | G35: Ray Van | H35: 스탠다드 A/T | I35: 12750000 | J35: 2022 | K35: White/Black | L35: 가솔린 | M35: KNACF911BNT283604 | N35: 101호2170 | O35: - | P35: 998 | Q35: 44494 | R35: 44497 | S35: 44497 | T35: 5 | U35: =IFERROR(S35+AC35, "-") -> 46322 | V35: =IFERROR(DATEDIF(TODAY(), U35, "m"), "-") -> 3 | W35: 20000 | X35: 심재화 | Y35: 010-3456-8940 | Z35: 괴산 | AA35: 충청북도 괴산군 괴산읍 읍내로6길 24 (괴산읍, KT괴산지점) 2층 신흥정보통신 | AB35: 44505 | AC35: =365*T35 -> 1825 | AD35: =U35-TODAY() -> 96 | AE35: =VLOOKUP($B35, [1]렌트_계약서번호!$B$3:$E$501, 4, FALSE) -> 21100018 | AF35: 13234421 | AG35: 200000 | AH35: 12703000 | AI35: 0 | AJ35: 2000 | AK35: 461920 | AL35: 0 | AM35: 2000 | AN35: 27000 | AO35: 30000 | AP35: 430000 | AQ35: 0 | AR35: 엠피온 | AS35: 0 | AT35: 루마 전면 없음/측후면 15% | AV35: =SUM(AI35,AJ35,AM35,AN35,AO35, AQ35,AS35+AK35+AL35) -> 522920 | AW35: 렌터카 공제 | AX35: 44494 | AY35: 1138590 | AZ35: 1034460 | BD35: 만26세 | BE35: 무한대 | BF35: 2억원 | BG35: 1억원/1500만 | BH35: 2억원/1인당 | BI35: 30만원 | BJ35: 임직원 | BK35: 5회/년 | BL35: 가입 | BM35: 미가입 | BN35: 브랜드보증 외 사용자 부담 | BO35: 브랜드보증 외 사용자 부담 | BP35: HANKOOK 앞/뒤165 60R14 79H | BR35: =IF(P35<=1600,P35*18,IF(P35<=2500,P35*19,IF(P35>2500,P35*24,20000))) -> 17964 | BS35: 현금 | BX35: =BW35*BV35 -> 0 | BY35: =BX35-BU35 -> 0 | BZ35: 0 | CB35: 5 | CC35: 5 | CD35: 342650 | CE35: =T35*12 -> 60 | CF35: =CE35*CD35 -> 20559000 | CI35: 2506900 | CJ35: 0.04 | CK35: 0.04 | CL35: jhlee@shtel.co.kr | CO35: 0.03 | CQ35: 0 | CR35: 0 | CS35: 0 | CT35: 0 | CU35: 0 | CV35: 0 | CW35: 0 | CX35: 0 | CY35: 0 | CZ35: 0 | DA35: 0 | DB35: =IF(DC35="정수원 실장","기아", IF(DC35="박현식 부장", "현대", IF(DC35="김성진 팀장", "한성", IF(DC35="전석영 부장", "한성", IF(DC35= "박봉호 부장", "모토원",IF(DC35="정원철 부장", "한성")))))) -> 기아 | DC35: 정수원 실장 | DD35: =IF(DC35="정수원 실장","렌트베네핏", IF(DC35="박현식 부장", "렌트베네핏", IF(DC35="김성진 팀장", "청담", IF(DC35="전석영 부장", "방배", IF(DC35= "박봉호 부장", "일산",IF(DC85="정원철 부장", "청담")))))) -> 렌트베네핏 | DH35: 206-85-09469 | DI35: 주소 없음 | DJ35: 0.3 | DK35: 0.2
A36: 34 | B36: Ray-019 | C36: 장기렌트 | D36: 신흥정보통신㈜_19 | E36: 이종희 이사님 | F36: 010-3214-0636 | G36: Ray Van | H36: 스탠다드 A/T | I36: 12750000 | J36: 2022 | K36: White/Black | L36: 가솔린 | M36: KNACF911BNT283689 | N36: 101호2179 | O36: - | P36: 998 | Q36: 44494 | R36: 44497 | S36: 44497 | T36: 5 | U36: =IFERROR(S36+AC36, "-") -> 46322 | V36: =IFERROR(DATEDIF(TODAY(), U36, "m"), "-") -> 3 | W36: 20000 | X36: 김석기 | Y36: 010-9582-0977 | Z36: 청주 | AA36: 충청북도 청주시 서원구 1순환로1063번길 12 (분평동, KT) KT남청주지점 1층 신흥정보통신 | AB36: 44505 | AC36: =365*T36 -> 1825 | AD36: =U36-TODAY() -> 96 | AE36: =VLOOKUP($B36, [1]렌트_계약서번호!$B$3:$E$501, 4, FALSE) -> 21100019 | AF36: 13234421 | AG36: 200000 | AH36: 12675000 | AI36: 0 | AJ36: 2000 | AK36: 460900 | AL36: 0 | AM36: 2000 | AN36: 27000 | AO36: 30000 | AP36: 430000 | AQ36: 0 | AR36: 엠피온 | AS36: 0 | AT36: 루마 전면 없음/측후면 15% | AV36: =SUM(AI36,AJ36,AM36,AN36,AO36, AQ36,AS36+AK36+AL36) -> 521900 | AW36: 렌터카 공제 | AX36: 44494 | AY36: 1138590 | AZ36: 1034460 | BD36: 만26세 | BE36: 무한대 | BF36: 2억원 | BG36: 1억원/1500만 | BH36: 2억원/1인당 | BI36: 30만원 | BJ36: 임직원 | BK36: 5회/년 | BL36: 가입 | BM36: 미가입 | BN36: 브랜드보증 외 사용자 부담 | BO36: 브랜드보증 외 사용자 부담 | BP36: HANKOOK 앞/뒤165 60R14 79H | BR36: =IF(P36<=1600,P36*18,IF(P36<=2500,P36*19,IF(P36>2500,P36*24,20000))) -> 17964 | BS36: 현금 | BX36: =BW36*BV36 -> 0 | BY36: =BX36-BU36 -> 0 | BZ36: 0 | CB36: 5 | CC36: 5 | CD36: 342650 | CE36: =T36*12 -> 60 | CF36: =CE36*CD36 -> 20559000 | CI36: 2506900 | CJ36: 0.04 | CK36: 0.04 | CL36: jhlee@shtel.co.kr | CO36: 0.03 | CQ36: 0 | CR36: 0 | CS36: 0 | CT36: 0 | CU36: 0 | CV36: 0 | CW36: 0 | CX36: 0 | CY36: 0 | CZ36: 0 | DA36: 0 | DB36: =IF(DC36="정수원 실장","기아", IF(DC36="박현식 부장", "현대", IF(DC36="김성진 팀장", "한성", IF(DC36="전석영 부장", "한성", IF(DC36= "박봉호 부장", "모토원",IF(DC36="정원철 부장", "한성")))))) -> 기아 | DC36: 정수원 실장 | DD36: =IF(DC36="정수원 실장","렌트베네핏", IF(DC36="박현식 부장", "렌트베네핏", IF(DC36="김성진 팀장", "청담", IF(DC36="전석영 부장", "방배", IF(DC36= "박봉호 부장", "일산",IF(#REF!="정원철 부장", "청담")))))) -> 렌트베네핏 | DH36: 206-85-09469 | DI36: 주소 없음 | DJ36: 0.3 | DK36: 0.2
A37: 35 | B37: Ray-020 | C37: 장기렌트 | D37: 신흥정보통신㈜_20 | E37: 이종희 이사님 | F37: 010-3214-0636 | G37: Ray Van | H37: 스탠다드 A/T | I37: 12750000 | J37: 2022 | K37: White/Black | L37: 가솔린 | M37: KNACF911BNT283605 | N37: 101호2180 | O37: - | P37: 998 | Q37: 44494 | R37: 44497 | S37: 44497 | T37: 5 | U37: =IFERROR(S37+AC37, "-") -> 46322 | V37: =IFERROR(DATEDIF(TODAY(), U37, "m"), "-") -> 3 | W37: 20000 | X37: 김석기 | Y37: 010-9582-0977 | Z37: 남청주 | AA37: 충청북도 청주시 서원구 1순환로1063번길 12 (분평동, KT) KT남청주지점 1층 신흥정보통신 | AB37: 44505 | AC37: =365*T37 -> 1825 | AD37: =U37-TODAY() -> 96 | AE37: =VLOOKUP($B37, [1]렌트_계약서번호!$B$3:$E$501, 4, FALSE) -> 21100020 | AF37: 13234421 | AG37: 200000 | AH37: 12675000 | AI37: 0 | AJ37: 2000 | AK37: 460900 | AL37: 0 | AM37: 2000 | AN37: 27000 | AO37: 30000 | AP37: 430000 | AQ37: 0 | AR37: 엠피온 | AS37: 0 | AT37: 루마 전면 없음/측후면 15% | AV37: =SUM(AI37,AJ37,AM37,AN37,AO37, AQ37,AS37+AK37+AL37) -> 521900 | AW37: 렌터카 공제 | AX37: 44494 | AY37: 1138590 | AZ37: 1034460 | BD37: 만26세 | BE37: 무한대 | BF37: 2억원 | BG37: 1억원/1500만 | BH37: 2억원/1인당 | BI37: 30만원 | BJ37: 임직원 | BK37: 5회/년 | BL37: 가입 | BM37: 미가입 | BN37: 브랜드보증 외 사용자 부담 | BO37: 브랜드보증 외 사용자 부담 | BP37: HANKOOK 앞/뒤165 60R14 79H | BR37: =IF(P37<=1600,P37*18,IF(P37<=2500,P37*19,IF(P37>2500,P37*24,20000))) -> 17964 | BS37: 현금 | BX37: =BW37*BV37 -> 0 | BY37: =BX37-BU37 -> 0 | BZ37: 0 | CB37: 5 | CC37: 5 | CD37: 342650 | CE37: =T37*12 -> 60 | CF37: =CE37*CD37 -> 20559000 | CI37: 2506900 | CJ37: 0.04 | CK37: 0.04 | CL37: jhlee@shtel.co.kr | CO37: 0.03 | CQ37: 0 | CR37: 0 | CS37: 0 | CT37: 0 | CU37: 0 | CV37: 0 | CW37: 0 | CX37: 0 | CY37: 0 | CZ37: 0 | DA37: 0 | DB37: =IF(DC37="정수원 실장","기아", IF(DC37="박현식 부장", "현대", IF(DC37="김성진 팀장", "한성", IF(DC37="전석영 부장", "한성", IF(DC37= "박봉호 부장", "모토원",IF(DC37="정원철 부장", "한성")))))) -> 기아 | DC37: 정수원 실장 | DD37: =IF(DC37="정수원 실장","렌트베네핏", IF(DC37="박현식 부장", "렌트베네핏", IF(DC37="김성진 팀장", "청담", IF(DC37="전석영 부장", "방배", IF(DC37= "박봉호 부장", "일산",IF(DC86="정원철 부장", "청담")))))) -> 렌트베네핏 | DH37: 206-85-09469 | DI37: 주소 없음 | DJ37: 0.3 | DK37: 0.2
A38: 36 | B38: Ray-034 | C38: 장기렌트 | D38: ㈜한일티엔에스 | E38: 김동은 사장님 | F38: 010-6236-7466 | G38: Ray Van | H38: 스탠다드 A/T | I38: 12750000 | J38: 2022 | K38: White/Black | L38: 가솔린 | M38: KNACF911BNT284065 | N38: 101호2197 | O38: - | P38: 998 | Q38: 44503 | R38: 44510 | S38: 44510 | T38: 5 | U38: =IFERROR(S38+AC38, "-") -> 46335 | V38: =IFERROR(DATEDIF(TODAY(), U38, "m"), "-") -> 3 | W38: 20000 | X38: 김광덕 대표님 | Y38: 010-6236-7466 | AA38: 서울시 동대문구 천호대로 75길 30-1, 1층(답시리동) | AB38: 44525 | AC38: =365*T38 -> 1825 | AD38: =U38-TODAY() -> 109 | AE38: =VLOOKUP($B38, [1]렌트_계약서번호!$B$3:$E$501, 4, FALSE) -> 22090033 | AF38: 13209603 | AG38: 200000 | AH38: 12688000 | AI38: 0 | AJ38: 2000 | AK38: 461380 | AL38: 0 | AM38: 2000 | AN38: 27000 | AO38: 30000 | AP38: 430000 | AQ38: 0 | AR38: 엠피온 | AS38: 0 | AT38: 루마 전면 없음/측후면 15% | AV38: =SUM(AI38,AJ38,AM38,AN38,AO38, AQ38,AS38+AK38+AL38) -> 522380 | AW38: 렌터카 공제 | AX38: 44503 | AY38: 1153090 | AZ38: 1035460 | BD38: 만26세 | BE38: 무한대 | BF38: 2억원 | BG38: 1억원/1500만 | BH38: 2억원/1인당 | BI38: 30만원 | BJ38: 임직원 | BK38: 5회/년 | BL38: 가입 | BM38: 미가입 | BN38: 브랜드보증 외 사용자 부담 | BO38: 브랜드보증 외 사용자 부담 | BP38: HANKOOK 앞/뒤165 60R14 79H | BR38: =IF(P38<=1600,P38*18,IF(P38<=2500,P38*19,IF(P38>2500,P38*24,20000))) -> 17964 | BS38: 현금 | BX38: =BW38*BV38 -> 0 | BY38: =BX38-BU38 -> 0 | BZ38: 0 | CB38: 25 | CC38: 25 | CD38: 350000 | CE38: =T38*12 -> 60 | CF38: =CE38*CD38 -> 21000000 | CI38: 2506900 | CJ38: 0.077 | CK38: 0.04 | CL38: hanilled@hanmail.net | CM38: tnshanil@hometax.go.kr | CO38: 0.03 | CQ38: 0 | CR38: 0 | CS38: 0 | CT38: 0 | CU38: 0 | CV38: 0 | CW38: 0 | CX38: 0 | CY38: 0 | CZ38: 0 | DA38: 0 | DB38: =IF(DC38="정수원 실장","기아", IF(DC38="박현식 부장", "현대", IF(DC38="김성진 팀장", "한성", IF(DC38="전석영 부장", "한성", IF(DC38= "박봉호 부장", "모토원",IF(DC38="정원철 부장", "한성")))))) -> 기아 | DC38: 정수원 실장 | DD38: =IF(DC38="정수원 실장","렌트베네핏", IF(DC38="박현식 부장", "렌트베네핏", IF(DC38="김성진 팀장", "청담", IF(DC38="전석영 부장", "방배", IF(DC38= "박봉호 부장", "일산",IF(#REF!="정원철 부장", "청담")))))) -> 렌트베네핏 | DH38: 604-86-02503 | DI38: 서울시 동대문구 천호대로 75길 30-1, 1층(답시리동) | DJ38: 0.3 | DK38: 0.2
A39: 37 | B39: Benz-003_1 | C39: 계약변경 | D39: 법무법인(유)화우 | E39: 방기태 변호사님 | F39: 010-8216-3340 | G39: GLE450 | H39: 4M | I39: 118600000 | J39: 2021 | K39: Obsidian Black/Leather black | L39: 가솔린 | M39: W1NFB5KB2MA564614 | N39: 125호2333 | O39: - | P39: 2999 | Q39: 44512 | R39: 44510 | S39: 44513 | T39: 3 | U39: =IFERROR(S39+AC39, "-") -> 45608 | V39: =IFERROR(DATEDIF(TODAY(), U39, "m"), "-") -> - | W39: 20000 | X39: 방기태 변호사님 | Y39: 010-8216-3340 | AA39: 청담전시장 | AB39: 44555 | AC39: =365*T39 -> 1095 | AD39: =U39-TODAY() -> -618 | AE39: =VLOOKUP($B39, [1]렌트_계약서번호!$B$3:$E$501, 4, FALSE) -> 24110003 | AF39: 113856000 | AG39: =AF39-AH39 -> 0 | AH39: 113856000 | AI39: 0 | AJ39: 0 | AK39: 4140210 | AL39: 201254 | AM39: 5000 | AN39: 21500 | AO39: 30000 | AP39: 0 | AQ39: 0 | AR39: 벤츠블랙박스 | AS39: 0 | AT39: 후푸옵틱 측후면 15% 전면 50% | AU39: 4397964 | AV39: =SUM(AI39,AJ39,AM39,AN39,AO39, AQ39,AS39+AK39+AL39) -> 4397964 | AW39: 렌터카 공제 | AX39: 44512 | AY39: =4776960-702160 -> 4074800 | AZ39: 1134440 | BD39: 만26세 | BE39: 무한대 | BF39: 5억 | BG39: 2억/3천만 | BH39: 2억원/1인당 | BI39: 50만원 | BJ39: 임직원 | BK39: 5회/년 | BL39: 가입 | BM39: 미가입 | BN39: 브랜드보증 외 사용자 부담 | BO39: 브랜드보증 외 사용자 부담 | BP39: Bridge stone 앞,뒤 275 50R / 20 | BR39: =IF(P39<=1600,P39*18,IF(P39<=2500,P39*19,IF(P39>2500,P39*24,20000))) -> 71976 | BS39: 메리츠캐피탈 | BT39: 44511 | BU39: 101571000 | BV39: 36 | BW39: 3067700 | BX39: 111382117 | BY39: 9811117 | BZ39: 0.0306 | CB39: 25 | CC39: 15 | CD39: 2932000 | CE39: =T39*12 -> 36 | CF39: =CE39*CD39 -> 105552000 | CG39: 12360000 | CH39: 0 | CI39: 45114000 | CJ39: 0.021 | CK39: 0.06 | CL39: kjk@yoonyang.com | CM39: sjk@hwawoo.com | CO39: 0.03 | CQ39: 0 | CR39: 0 | CS39: 0 | CT39: 0 | CU39: 0 | CV39: 0 | CW39: 0 | CX39: 0 | CY39: 0 | CZ39: 0 | DA39: 0 | DB39: =IF(DC39="정수원 실장","기아", IF(DC39="박현식 부장", "현대", IF(DC39="김성진 팀장", "한성", IF(DC39="전석영 부장", "한성", IF(DC39= "박봉호 부장", "모토원",IF(DC39="정원철 부장", "한성")))))) -> 한성 | DC39: 정원철 부장 | DD39: =IF(DC39="정수원 실장","렌트베네핏", IF(DC39="박현식 부장", "렌트베네핏", IF(DC39="김성진 팀장", "청담", IF(DC39="전석영 부장", "방배", IF(DC39= "박봉호 부장", "일산",IF(DC97="정원철 부장", "청담")))))) -> FALSE | DH39: 120-86-47851 | DI39: 주소 없음 | DJ39: 0.3 | DK39: 0.2
A40: 38 | B40: Ray-021 | C40: 장기렌트 | D40: (주)대경인트라넷_1 | E40: 이강열 대표님 | F40: 010-9096-7767 | G40: Ray | H40: 스탠다드 A/T | I40: 12750000 | J40: 2022 | K40: White/Black | L40: 가솔린 | M40: KNACF911BNT283749 | N40: 101호2184 | O40: - | P40: 998 | Q40: 44503 | R40: 44517 | S40: 44517 | T40: 5 | U40: =IFERROR(S40+AC40, "-") -> 46342 | V40: =IFERROR(DATEDIF(TODAY(), U40, "m"), "-") -> 3 | W40: 20000 | X40: 김미현 팀장님 | Y40: 010-9096-7767 | AA40: 경기도 시흥시 계수로 213(주식회사 대경인트라넷) | AB40: 44545 | AC40: =365*T40 -> 1825 | AD40: =U40-TODAY() -> 116 | AE40: =VLOOKUP($B40, [1]렌트_계약서번호!$B$3:$E$501, 4, FALSE) -> 21110022 | AF40: 13209603 | AG40: 200000 | AH40: 12688000 | AI40: 0 | AJ40: 2000 | AK40: 461380 | AL40: 0 | AM40: 2000 | AN40: 27000 | AO40: 30000 | AP40: 430000 | AQ40: 0 | AR40: 엠피온 | AS40: 0 | AT40: 루마 전면 없음/측후면 15% | AV40: =SUM(AI40,AJ40,AM40,AN40,AO40, AQ40,AS40+AK40+AL40) -> 522380 | AW40: 렌터카 공제 | AX40: 44503 | AY40: 1153090 | AZ40: 1035460 | BD40: 만26세 | BE40: 무한대 | BF40: 2억원 | BG40: 1억원/1500만 | BH40: 2억원/1인당 | BI40: 30만원 | BJ40: 임직원 | BK40: 5회/년 | BL40: 가입 | BM40: 미가입 | BN40: 브랜드보증 외 사용자 부담 | BO40: 브랜드보증 외 사용자 부담 | BP40: HANKOOK 앞/뒤165 60R14 79H | BR40: =IF(P40<=1600,P40*18,IF(P40<=2500,P40*19,IF(P40>2500,P40*24,20000))) -> 17964 | BS40: 현금 | BX40: =BW40*BV40 -> 0 | BY40: =BX40-BU40 -> 0 | BZ40: 0 | CB40: 15 | CC40: 15 | CD40: 366700 | CE40: =T40*12 -> 60 | CF40: =CE40*CD40 -> 22002000 | CI40: 2506900 | CJ40: 0.021 | CK40: 0.04 | CL40: mhgood45@dkin.co.kr | CO40: 0.03 | CQ40: 0 | CR40: 0 | CS40: 0 | CT40: 0 | CU40: 0 | CV40: 0 | CW40: 0 | CX40: 0 | CY40: 0 | CZ40: 0 | DA40: 0 | DB40: =IF(DC40="정수원 실장","기아", IF(DC40="박현식 부장", "현대", IF(DC40="김성진 팀장", "한성", IF(DC40="전석영 부장", "한성", IF(DC40= "박봉호 부장", "모토원",IF(DC40="정원철 부장", "한성")))))) -> 기아 | DC40: 정수원 실장 | DD40: =IF(DC40="정수원 실장","렌트베네핏", IF(DC40="박현식 부장", "렌트베네핏", IF(DC40="김성진 팀장", "청담", IF(DC40="전석영 부장", "방배", IF(DC40= "박봉호 부장", "일산",IF(DC99="정원철 부장", "청담")))))) -> 렌트베네핏 | DF40: 신한은행 | DG40: 140-011-847556 | DH40: 206-81-25404 | DI40: 서울특별시 구로구 오리로17길 70, 지층-2(궁동) | DJ40: 0.3 | DK40: 0.2
A41: 39 | B41: Ray-028 | C41: 장기렌트 | D41: 주식회사 동천에스씨 | E41: 양공식 대표님 | F41: 010-9096-7767 | G41: Ray Van | H41: 스탠다드 A/T | I41: 12750000 | J41: 2022 | K41: White/Black | L41: 가솔린 | M41: KNACF911BNT283783 | N41: 101호2191 | O41: - | P41: 998 | Q41: 44503 | R41: 44517 | S41: 44517 | T41: 5 | U41: =IFERROR(S41+AC41, "-") -> 46342 | V41: =IFERROR(DATEDIF(TODAY(), U41, "m"), "-") -> 3 | W41: 20000 | X41: 이태문 | Y41: 010-7654-7376 | AA41: 경기도 시흥시 계수로 213(계수동) | AB41: 45945 | AC41: =365*T41 -> 1825 | AD41: =U41-TODAY() -> 116 | AE41: =VLOOKUP($B41, [1]렌트_계약서번호!$B$3:$E$501, 4, FALSE) -> 21110022 | AF41: 13209603 | AG41: 200000 | AH41: 12688000 | AI41: 0 | AJ41: 2000 | AK41: 461380 | AL41: 0 | AM41: 2000 | AN41: 27000 | AO41: 30000 | AP41: 430000 | AQ41: 0 | AR41: 엠피온 | AS41: 0 | AT41: 루마 전면 없음/측후면 15% | AV41: =SUM(AI41,AJ41,AM41,AN41,AO41, AQ41,AS41+AK41+AL41) -> 522380 | AW41: 렌터카 공제 | AX41: 44503 | AY41: 1153090 | AZ41: 1035460 | BD41: 만26세 | BE41: 무한대 | BF41: 2억원 | BG41: 1억원/1500만 | BH41: 2억원/1인당 | BI41: 30만원 | BJ41: 임직원 | BK41: 5회/년 | BL41: 가입 | BM41: 미가입 | BN41: 브랜드보증 외 사용자 부담 | BO41: 브랜드보증 외 사용자 부담 | BP41: HANKOOK 앞/뒤165 60R14 79H | BR41: =IF(P41<=1600,P41*18,IF(P41<=2500,P41*19,IF(P41>2500,P41*24,20000))) -> 17964 | BS41: 현금 | BX41: =BW41*BV41 -> 0 | BY41: =BX41-BU41 -> 0 | BZ41: 0 | CB41: 15 | CC41: 15 | CD41: 477650 | CE41: =T41*12 -> 60 | CF41: =CE41*CD41 -> 28659000 | CI41: 2506900 | CJ41: 0.09 | CK41: 0.04 | CL41: mhgood45@dkin.co.kr | CO41: 0.03 | CQ41: 0 | CR41: 0 | CS41: 0 | CT41: 0 | CU41: 0 | CV41: 0 | CW41: 0 | CX41: 0 | CY41: 0 | CZ41: 0 | DA41: 0 | DB41: =IF(DC41="정수원 실장","기아", IF(DC41="박현식 부장", "현대", IF(DC41="김성진 팀장", "한성", IF(DC41="전석영 부장", "한성", IF(DC41= "박봉호 부장", "모토원",IF(DC41="정원철 부장", "한성")))))) -> 기아 | DC41: 정수원 실장 | DD41: =IF(DC41="정수원 실장","렌트베네핏", IF(DC41="박현식 부장", "렌트베네핏", IF(DC41="김성진 팀장", "청담", IF(DC41="전석영 부장", "방배", IF(DC41= "박봉호 부장", "일산",IF(#REF!="정원철 부장", "청담")))))) -> 렌트베네핏 | DF41: 신한은행 | DG41: 140-012-233131 | DH41: 453-87-00957 | DI41: 경기도 시흥시 계수로 213(계수동) | DJ41: 0.3 | DK41: 0.2
A42: 40 | B42: Ray-030 | C42: 장기렌트 | D42: (주)대경인트라넷_3 | E42: 이강열 대표님 | F42: 010-9096-7767 | G42: Ray Van | H42: 스탠다드 A/T | I42: 12750000 | J42: 2022 | K42: White/Black | L42: 가솔린 | M42: KNACF911BNT283786 | N42: 101호2193 | O42: - | P42: 998 | Q42: 44503 | R42: 44517 | S42: 44517 | T42: 5 | U42: =IFERROR(S42+AC42, "-") -> 46342 | V42: =IFERROR(DATEDIF(TODAY(), U42, "m"), "-") -> 3 | W42: 20000 | X42: 김미현 팀장님 | Y42: 010-9096-7767 | AA42: 경기도 시흥시 계수로 213(주식회사 대경인트라넷) | AB42: 44545 | AC42: =365*T42 -> 1825 | AD42: =U42-TODAY() -> 116 | AE42: =VLOOKUP($B42, [1]렌트_계약서번호!$B$3:$E$501, 4, FALSE) -> 22030017 | AF42: 13209603 | AG42: 200000 | AH42: 12688000 | AI42: 0 | AJ42: 2000 | AK42: 461380 | AL42: 0 | AM42: 2000 | AN42: 27000 | AO42: 30000 | AP42: 430000 | AQ42: 0 | AR42: 엠피온 | AS42: 0 | AT42: 루마 전면 없음/측후면 15% | AV42: =SUM(AI42,AJ42,AM42,AN42,AO42, AQ42,AS42+AK42+AL42) -> 522380 | AW42: 렌터카 공제 | AX42: 44503 | AY42: 1153090 | AZ42: 1042640 | BD42: 만26세 | BE42: 무한대 | BF42: 2억원 | BG42: 1억원/1500만 | BH42: 2억원/1인당 | BI42: 30만원 | BJ42: 임직원 | BK42: 5회/년 | BL42: 가입 | BM42: 미가입 | BN42: 브랜드보증 외 사용자 부담 | BO42: 브랜드보증 외 사용자 부담 | BP42: HANKOOK 앞/뒤165 60R14 79H | BR42: =IF(P42<=1600,P42*18,IF(P42<=2500,P42*19,IF(P42>2500,P42*24,20000))) -> 17964 | BS42: 현금 | BX42: =BW42*BV42 -> 0 | BY42: =BX42-BU42 -> 0 | BZ42: 0 | CB42: 15 | CC42: 15 | CD42: 352650 | CE42: =T42*12 -> 60 | CF42: =CE42*CD42 -> 21159000 | CI42: 2506900 | CJ42: 0.09 | CK42: 0.04 | CL42: mhgood45@dkin.co.kr | CO42: 0.03 | CQ42: 0 | CR42: 0 | CS42: 0 | CT42: 0 | CU42: 0 | CV42: 0 | CW42: 0 | CX42: 0 | CY42: 0 | CZ42: 0 | DA42: 0 | DB42: =IF(DC42="정수원 실장","기아", IF(DC42="박현식 부장", "현대", IF(DC42="김성진 팀장", "한성", IF(DC42="전석영 부장", "한성", IF(DC42= "박봉호 부장", "모토원",IF(DC42="정원철 부장", "한성")))))) -> 기아 | DC42: 정수원 실장 | DD42: =IF(DC42="정수원 실장","렌트베네핏", IF(DC42="박현식 부장", "렌트베네핏", IF(DC42="김성진 팀장", "청담", IF(DC42="전석영 부장", "방배", IF(DC42= "박봉호 부장", "일산",IF(DC87="정원철 부장", "청담")))))) -> 렌트베네핏 | DF42: 신한은행 | DG42: 140-011-847556 | DH42: 206-81-25404 | DI42: 서울특별시 구로구 오리로17길 70, 지층-2(궁동) | DJ42: 0.3 | DK42: 0.2
A43: 41 | B43: Ray-022 | C43: 거래완료 | D43: ㈜시테코_1 | E43: 이동훈 사장님 | F43: 010-3711-9456 | G43: Ray | H43: 스탠다드 A/T | I43: 12750000 | J43: 2022 | K43: White/Black | L43: 가솔린 | M43: KNACF911BNT283754 | N43: 101호2185 | O43: - | P43: 998 | Q43: 44503 | R43: 44518 | S43: 44518 | T43: 5 | U43: =IFERROR(S43+AC43, "-") -> 46343 | V43: =IFERROR(DATEDIF(TODAY(), U43, "m"), "-") -> 3 | W43: 20000 | X43: 황승연 사원 | Y43: 010-3513-6084 | AA43: 경기도 성남시 중원구 둔촌대로457번길 27 (상대원동 311-3) 우림라이온스밸리 1차 305호 멀티필름코리아 | AB43: 44525 | AC43: =365*T43 -> 1825 | AD43: =U43-TODAY() -> 117 | AE43: =VLOOKUP($B43, [1]렌트_계약서번호!$B$3:$E$501, 4, FALSE) -> 21110027 | AF43: 13209603 | AG43: 200000 | AH43: 12688000 | AI43: 0 | AJ43: 2000 | AK43: 461380 | AL43: 0 | AM43: 2000 | AN43: 27000 | AO43: 30000 | AP43: 430000 | AQ43: 0 | AR43: 엠피온 | AS43: 0 | AT43: 루마 전면 없음/측후면 15% | AV43: =SUM(AI43,AJ43,AM43,AN43,AO43, AQ43,AS43+AK43+AL43) -> 522380 | AW43: 렌터카 공제 | AX43: 44503 | AY43: 1153090 | AZ43: 1035460 | BD43: 만26세 | BE43: 무한대 | BF43: 2억원 | BG43: 1억원/1500만 | BH43: 2억원/1인당 | BI43: 30만원 | BJ43: 임직원 | BK43: 5회/년 | BL43: 가입 | BM43: 미가입 | BN43: 브랜드보증 외 사용자 부담 | BO43: 브랜드보증 외 사용자 부담 | BP43: HANKOOK 앞/뒤165 60R14 79H | BR43: =IF(P43<=1600,P43*18,IF(P43<=2500,P43*19,IF(P43>2500,P43*24,20000))) -> 17964 | BS43: 현금 | BX43: =BW43*BV43 -> 0 | BY43: =BX43-BU43 -> 0 | BZ43: 0 | CB43: 25 | CC43: 25 | CD43: 376700 | CE43: =T43*12 -> 60 | CF43: =CE43*CD43 -> 22602000 | CI43: 2506900 | CJ43: 0.041 | CK43: 0.04 | CL43: mail@sitecokorea.co.kr | CO43: 0.03 | CQ43: 0 | CR43: 0 | CS43: 0 | CT43: 0 | CU43: 0 | CV43: 0 | CW43: 0 | CX43: 0 | CY43: 0 | CZ43: 0 | DA43: 0 | DB43: =IF(DC43="정수원 실장","기아", IF(DC43="박현식 부장", "현대", IF(DC43="김성진 팀장", "한성", IF(DC43="전석영 부장", "한성", IF(DC43= "박봉호 부장", "모토원",IF(DC43="정원철 부장", "한성")))))) -> 기아 | DC43: 정수원 실장 | DD43: =IF(DC43="정수원 실장","렌트베네핏", IF(DC43="박현식 부장", "렌트베네핏", IF(DC43="김성진 팀장", "청담", IF(DC43="전석영 부장", "방배", IF(DC43= "박봉호 부장", "일산",IF(DC88="정원철 부장", "청담")))))) -> 렌트베네핏 | DH43: 120-87-10064 | DI43: 주소 없음 | DJ43: 0.3 | DK43: 0.2
A44: 42 | B44: Ray-026 | C44: 거래완료 | D44: ㈜시테코_2 | E44: 이동훈 사장님 | F44: 010-3711-9456 | G44: Ray | H44: 스탠다드 A/T | I44: 12750000 | J44: 2022 | K44: White/Black | L44: 가솔린 | M44: KNACF911BNT283781 | N44: 101호2189 | O44: - | P44: 998 | Q44: 44503 | R44: 44518 | S44: 44518 | T44: 5 | U44: =IFERROR(S44+AC44, "-") -> 46343 | V44: =IFERROR(DATEDIF(TODAY(), U44, "m"), "-") -> 3 | W44: 20000 | X44: 황승연 사원 | Y44: 010-3513-6084 | AA44: 경기도 성남시 중원구 둔촌대로457번길 27 (상대원동 311-3) 우림라이온스밸리 1차 305호 멀티필름코리아 | AB44: 44525 | AC44: =365*T44 -> 1825 | AD44: =U44-TODAY() -> 117 | AE44: =VLOOKUP($B44, [1]렌트_계약서번호!$B$3:$E$501, 4, FALSE) -> 21110028 | AF44: 13209603 | AG44: 200000 | AH44: 12688000 | AI44: 0 | AJ44: 2000 | AK44: 461380 | AL44: 0 | AM44: 2000 | AN44: 27000 | AO44: 30000 | AP44: 430000 | AQ44: 0 | AR44: 엠피온 | AS44: 0 | AT44: 루마 전면 없음/측후면 15% | AV44: =SUM(AI44,AJ44,AM44,AN44,AO44, AQ44,AS44+AK44+AL44) -> 522380 | AW44: 렌터카 공제 | AX44: 44503 | AY44: 1153090 | AZ44: 1305430 | BD44: 만26세 | BE44: 무한대 | BF44: 2억원 | BG44: 1억원/1500만 | BH44: 2억원/1인당 | BI44: 30만원 | BJ44: 임직원 | BK44: 5회/년 | BL44: 가입 | BM44: 미가입 | BN44: 브랜드보증 외 사용자 부담 | BO44: 브랜드보증 외 사용자 부담 | BP44: HANKOOK 앞/뒤165 60R14 79H | BR44: =IF(P44<=1600,P44*18,IF(P44<=2500,P44*19,IF(P44>2500,P44*24,20000))) -> 17964 | BS44: 현금 | BX44: =BW44*BV44 -> 0 | BY44: =BX44-BU44 -> 0 | BZ44: 0 | CB44: 25 | CC44: 25 | CD44: 366700 | CE44: =T44*12 -> 60 | CF44: =CE44*CD44 -> 22002000 | CI44: 2506900 | CJ44: 0.059 | CK44: 0.04 | CL44: mail@sitecokorea.co.kr | CO44: 0.03 | CQ44: 0 | CR44: 0 | CS44: 0 | CT44: 0 | CU44: 0 | CV44: 0 | CW44: 0 | CX44: 0 | CY44: 0 | CZ44: 0 | DA44: 0 | DB44: =IF(DC44="정수원 실장","기아", IF(DC44="박현식 부장", "현대", IF(DC44="김성진 팀장", "한성", IF(DC44="전석영 부장", "한성", IF(DC44= "박봉호 부장", "모토원",IF(DC44="정원철 부장", "한성")))))) -> 기아 | DC44: 정수원 실장 | DD44: =IF(DC44="정수원 실장","렌트베네핏", IF(DC44="박현식 부장", "렌트베네핏", IF(DC44="김성진 팀장", "청담", IF(DC44="전석영 부장", "방배", IF(DC44= "박봉호 부장", "일산",IF(DC89="정원철 부장", "청담")))))) -> 렌트베네핏 | DH44: 120-87-10064 | DI44: 주소 없음 | DJ44: 0.3 | DK44: 0.2
A45: 43 | B45: Ray-035 | C45: 장기렌트 | D45: 청담건설 | E45: 김의성 위원장님 | F45: 010-9730-8000 | G45: Ray | H45: 스탠다드 A/T | I45: 12750000 | J45: 2022 | K45: White/Black | L45: 가솔린 | M45: KNACF911BNT284066 | N45: 101호2198 | O45: - | P45: 998 | Q45: 44503 | R45: 44525 | S45: 45255 | T45: 3 | U45: =IFERROR(S45+AC45, "-") -> 46350 | V45: =IFERROR(DATEDIF(TODAY(), U45, "m"), "-") -> 4 | W45: 20000 | X45: 윤병오 고객님 | Y45: 010-3695-4931 | AA45: 경기도 고양시 덕양구 향기로 112 DMC 하우스디NHF 203동 1104호 | AB45: 45285 | AC45: =365*T45 -> 1095 | AD45: =U45-TODAY() -> 124 | AE45: =VLOOKUP($B45, [1]렌트_계약서번호!$B$3:$E$501, 4, FALSE) -> 21110029 | AF45: 13209603 | AG45: 200000 | AH45: 12688000 | AI45: 0 | AJ45: 2000 | AK45: 461380 | AL45: 0 | AM45: 2000 | AN45: 27000 | AO45: 30000 | AP45: 430000 | AQ45: 0 | AR45: 엠피온 | AS45: 0 | AT45: 루마 전면 없음/측후면 15% | AV45: =SUM(AI45,AJ45,AM45,AN45,AO45, AQ45,AS45+AK45+AL45) -> 522380 | AW45: 렌터카 공제 | AX45: 44503 | AY45: 1153090 | AZ45: 1042640 | BD45: 만26세 | BE45: 무한대 | BF45: 2억원 | BG45: 1억원/1500만 | BH45: 2억원/1인당 | BI45: 30만원 | BJ45: 임직원 | BK45: 5회/년 | BL45: 가입 | BM45: 미가입 | BN45: 브랜드보증 외 사용자 부담 | BO45: 브랜드보증 외 사용자 부담 | BP45: HANKOOK 앞/뒤165 60R14 79H | BR45: =IF(P45<=1600,P45*18,IF(P45<=2500,P45*19,IF(P45>2500,P45*24,20000))) -> 17964 | BS45: 현금 | BX45: =BW45*BV45 -> 0 | BY45: =BX45-BU45 -> 0 | BZ45: 0 | CB45: 25 | CC45: 25 | CD45: 376700 | CE45: =T45*12 -> 36 | CF45: =CE45*CD45 -> 13561200 | CI45: 2506900 | CJ45: 0.056 | CK45: 0.04 | CL45: lotze77@naver.com | CO45: 0.03 | CQ45: 0 | CR45: 0 | CS45: 0 | CT45: 0 | CU45: 0 | CV45: 0 | CW45: 0 | CX45: 0 | CY45: 0 | CZ45: 0 | DA45: 0 | DB45: =IF(DC45="정수원 실장","기아", IF(DC45="박현식 부장", "현대", IF(DC45="김성진 팀장", "한성", IF(DC45="전석영 부장", "한성", IF(DC45= "박봉호 부장", "모토원",IF(DC45="정원철 부장", "한성")))))) -> 기아 | DC45: 정수원 실장 | DD45: =IF(DC45="정수원 실장","렌트베네핏", IF(DC45="박현식 부장", "렌트베네핏", IF(DC45="김성진 팀장", "청담", IF(DC45="전석영 부장", "방배", IF(DC45= "박봉호 부장", "일산",IF(DC95="정원철 부장", "청담")))))) -> 렌트베네핏 | DF45: 기업은행 | DG45: 477-077449-04-010 | DH45: 412-87-01896 | DI45: 주소 없음 | DJ45: 0.3 | DK45: 0.2
A46: 44 | B46: Ray-036 | C46: 장기렌트 | D46: 대일산업㈜ | E46: 김완신 대표이사님 | F46: 010-8769-1719 | G46: Ray | H46: 스탠다드 A/T | I46: 12750000 | J46: 2022 | K46: White/Black | L46: 가솔린 | M46: KNACF911BNT284067 | N46: 101호2199 | O46: - | P46: 998 | Q46: 44503 | R46: 44529 | S46: 44529 | T46: 5 | U46: =IFERROR(S46+AC46, "-") -> 46354 | V46: =IFERROR(DATEDIF(TODAY(), U46, "m"), "-") -> 4 | W46: 20000 | X46: 송성순 차장님 | Y46: 010-8930-8227 | AA46: 서울시 중구 남대문로1가 18번지 대일빌딩 대일산업 | AB46: 44555 | AC46: =365*T46 -> 1825 | AD46: =U46-TODAY() -> 128 | AE46: =VLOOKUP($B46, [1]렌트_계약서번호!$B$3:$E$501, 4, FALSE) -> 21110030 | AF46: 13209603 | AG46: 200000 | AH46: 12688000 | AI46: 0 | AJ46: 2000 | AK46: 461380 | AL46: 0 | AM46: 2000 | AN46: 27000 | AO46: 30000 | AP46: 430000 | AQ46: 0 | AR46: 엠피온 | AS46: 0 | AT46: 루마 전면 없음/측후면 15% | AV46: =SUM(AI46,AJ46,AM46,AN46,AO46, AQ46,AS46+AK46+AL46) -> 522380 | AW46: 렌터카 공제 | AX46: 44503 | AY46: 1153090 | AZ46: 1035460 | BD46: 만26세 | BE46: 무한대 | BF46: 2억원 | BG46: 1억원/1500만 | BH46: 2억원/1인당 | BI46: 30만원 | BJ46: 임직원 | BK46: 5회/년 | BL46: 가입 | BM46: 미가입 | BN46: 브랜드보증 외 사용자 부담 | BO46: 브랜드보증 외 사용자 부담 | BP46: HANKOOK 앞/뒤165 60R14 79H | BR46: =IF(P46<=1600,P46*18,IF(P46<=2500,P46*19,IF(P46>2500,P46*24,20000))) -> 17964 | BS46: 현금 | BX46: =BW46*BV46 -> 0 | BY46: =BX46-BU46 -> 0 | BZ46: 0 | CB46: 25 | CC46: 25 | CD46: 376700 | CE46: =T46*12 -> 60 | CF46: =CE46*CD46 -> 22602000 | CI46: 2506900 | CJ46: 0.056 | CK46: 0.04 | CL46: miracle1937@naver.com | CM46: miracle1937@naver.com | CO46: 0.03 | CQ46: 0 | CR46: 0 | CS46: 0 | CT46: 0 | CU46: 0 | CV46: 0 | CW46: 0 | CX46: 0 | CY46: 0 | CZ46: 0 | DA46: 0 | DB46: =IF(DC46="정수원 실장","기아", IF(DC46="박현식 부장", "현대", IF(DC46="김성진 팀장", "한성", IF(DC46="전석영 부장", "한성", IF(DC46= "박봉호 부장", "모토원",IF(DC46="정원철 부장", "한성")))))) -> 기아 | DC46: 정수원 실장 | DD46: =IF(DC46="정수원 실장","렌트베네핏", IF(DC46="박현식 부장", "렌트베네핏", IF(DC46="김성진 팀장", "청담", IF(DC46="전석영 부장", "방배", IF(DC46= "박봉호 부장", "일산",IF(#REF!="정원철 부장", "청담")))))) -> 렌트베네핏 | DH46: 104-86-20995 | DI46: 주소 없음 | DJ46: 0.3 | DK46: 0.2
A47: 45 | B47: Casper-001 | C47: 장기렌트 | D47: 서울검사㈜ | E47: 조병호 회장님 | F47: 010-3213-2845 | G47: Casper | H47: 모던 | I47: 15900000 | J47: 2022 | K47: 티탄 그레이 메탈릭/Bl | L47: 가솔린 | M47: KMHB3518BNW004418 | N47: 101하7027 | O47: - | P47: 998 | Q47: 44526 | R47: 44531 | S47: 44531 | T47: 5 | U47: =IFERROR(S47+AC47, "-") -> 46356 | V47: =IFERROR(DATEDIF(TODAY(), U47, "m"), "-") -> 4 | W47: 20000 | X47: 정영근부장님 | Y47: 010-3213-2845 | AA47: 서울시 서초구 바우뫼로41길 54 서울검사(주) | AB47: 44555 | AC47: =365*T47 -> 1825 | AD47: =U47-TODAY() -> 130 | AE47: =VLOOKUP($B47, [1]렌트_계약서번호!$B$3:$E$501, 4, FALSE) -> 21120031 | AF47: 16079000 | AG47: 0 | AH47: 16077000 | AI47: 0 | AJ47: 0 | AK47: 584610 | AL47: 0 | AM47: 0 | AN47: 6800 | AO47: 0 | AP47: 0 | AQ47: 132000 | AR47: 엠피온 S1000 | AS47: 66000 | AT47: 루마 전면 35%/측후면 15% | AU47: 584610 | AV47: =SUM(AI47,AJ47,AM47,AN47,AO47, AQ47,AS47+AK47+AL47) -> 789410 | AW47: 렌터카 공제 | AX47: 44526 | AY47: 1153090 | AZ47: 1035460 | BD47: 만26세 | BE47: 무한대 | BF47: 2억원 | BG47: 1억원/1500만 | BH47: 2억원/1인당 | BI47: 30만원 | BJ47: 임직원 | BK47: 5회/년 | BL47: 가입 | BM47: 미가입 | BN47: 브랜드보증 외 사용자 부담 | BO47: 브랜드보증 외 사용자 부담 | BP47: KUMHO SOLUS TA31 | BR47: =IF(P47<=1600,P47*18,IF(P47<=2500,P47*19,IF(P47>2500,P47*24,20000))) -> 17964 | BS47: 메리츠캐피탈 | BT47: 44525 | BU47: 14310000 | BV47: 60 | BW47: 275000 | BX47: =BW47*BV47 -> 16500000 | BY47: =BX47-BU47 -> 2190000 | BZ47: 0 | CB47: 25 | CC47: 25 | CD47: 370000 | CE47: =T47*12 -> 60 | CF47: =CE47*CD47 -> 22200000 | CG47: 0 | CH47: 0 | CI47: 5719000 | CJ47: 0.059 | CK47: 0.04 | CL47: kth@sitcos.co.kr | CM47: jyk2845@sitcos.co.kr | CO47: 0.03 | CQ47: 0 | CR47: 0 | CS47: 0 | CT47: 0 | CU47: 0 | CV47: 0 | CW47: 0 | CX47: 0 | CY47: 0 | CZ47: 0 | DA47: 0 | DB47: =IF(DC47="정수원 실장","기아", IF(DC47="박현식 부장", "현대", IF(DC47="김성진 팀장", "한성", IF(DC47="전석영 부장", "한성", IF(DC47= "박봉호 부장", "모토원",IF(DC47="정원철 부장", "한성")))))) -> FALSE | DC47: 인터넷 | DD47: =IF(DC47="정수원 실장","렌트베네핏", IF(DC47="박현식 부장", "렌트베네핏", IF(DC47="김성진 팀장", "청담", IF(DC47="전석영 부장", "방배", IF(DC47= "박봉호 부장", "일산",IF(DC90="정원철 부장", "청담")))))) -> FALSE | DH47: 213-81-79460 | DI47: 주소 없음 | DJ47: 0.3 | DK47: 0.2
A48: 46 | B48: Ray-048 | C48: 장기렌트 | D48: (주)올댓모델 | E48: 안선영 사장님 | F48: 010-9012-6014 | G48: Ray | H48: 스탠다드 A/T | I48: 12750000 | J48: 2022 | K48: White/Black | L48: 가솔린 | M48: KNACF911BNT284927 | N48: 125호3211 | O48: - | P48: 998 | Q48: 44503 | R48: 44540 | S48: 44540 | T48: 5 | U48: =IFERROR(S48+AC48, "-") -> 46365 | V48: =IFERROR(DATEDIF(TODAY(), U48, "m"), "-") -> 4 | W48: 20000 | X48: 올댓모델 직원 | Y48: 010-2676-3101 | AA48: 서초구 효령로 33길 50 서리풀 이편한세상 102동 | AB48: 44555 | AC48: =365*T48 -> 1825 | AD48: =U48-TODAY() -> 139 | AE48: =VLOOKUP($B48, [1]렌트_계약서번호!$B$3:$E$501, 4, FALSE) -> 21120034 | AF48: 13209603 | AG48: 200000 | AH48: 12688000 | AI48: 0 | AJ48: 2000 | AK48: 461380 | AL48: 0 | AM48: 2000 | AN48: 27000 | AO48: 30000 | AP48: 430000 | AQ48: 0 | AR48: 엠피온 | AS48: 0 | AT48: 루마 전면 없음/측후면 15% | AV48: =SUM(AI48,AJ48,AM48,AN48,AO48, AQ48,AS48+AK48+AL48) -> 522380 | AW48: 렌터카 공제 | AX48: 44503 | AY48: 1153090 | AZ48: 1035460 | BD48: 만26세 | BE48: 무한대 | BF48: 2억원 | BG48: 1억원/1500만 | BH48: 2억원/1인당 | BI48: 30만원 | BJ48: 임직원 | BK48: 5회/년 | BL48: 가입 | BM48: 미가입 | BN48: 브랜드보증 외 사용자 부담 | BO48: 브랜드보증 외 사용자 부담 | BP48: HANKOOK 앞/뒤165 60R14 79H | BR48: =IF(P48<=1600,P48*18,IF(P48<=2500,P48*19,IF(P48>2500,P48*24,20000))) -> 17964 | BS48: 현금 | BX48: =BW48*BV48 -> 0 | BY48: =BX48-BU48 -> 0 | BZ48: 0 | CB48: 말 | CC48: 25 | CD48: 376700 | CE48: =T48*12 -> 60 | CF48: =CE48*CD48 -> 22602000 | CI48: 2506900 | CJ48: 0.056 | CK48: 0.04 | CL48: dysul@allthatmodel.co.kr | CO48: 0.03 | CQ48: 0 | CR48: 0 | CS48: 0 | CT48: 0 | CU48: 0 | CV48: 0 | CW48: 0 | CX48: 0 | CY48: 0 | CZ48: 0 | DA48: 0 | DB48: =IF(DC48="정수원 실장","기아", IF(DC48="박현식 부장", "현대", IF(DC48="김성진 팀장", "한성", IF(DC48="전석영 부장", "한성", IF(DC48= "박봉호 부장", "모토원",IF(DC48="정원철 부장", "한성")))))) -> 기아 | DC48: 정수원 실장 | DD48: =IF(DC48="정수원 실장","렌트베네핏", IF(DC48="박현식 부장", "렌트베네핏", IF(DC48="김성진 팀장", "청담", IF(DC48="전석영 부장", "방배", IF(DC48= "박봉호 부장", "일산",IF(DC100="정원철 부장", "청담")))))) -> 렌트베네핏 | DH48: 651-86-00933 | DI48: 주소 없음 | DJ48: 0.3 | DK48: 0.2
A49: 47 | B49: K3-001 | C49: 장기렌트 | D49: 트라이언소프트㈜ | E49: 한창실 대표님 | F49: 010-8547-2888 | G49: K3 | H49: 프레스티지 | I49: 22130000 | J49: 2022 | K49: White/Black | L49: 가솔린 | M49: KNAF241BENA135962 | N49: 101하7029 | O49: - | P49: 1598 | Q49: 44538 | R49: 44543 | S49: 44543 | T49: 5 | U49: =IFERROR(S49+AC49, "-") -> 46368 | V49: =IFERROR(DATEDIF(TODAY(), U49, "m"), "-") -> 4 | W49: 30000 | X49: 부성만 상무님 | Y49: 010-7707-5367 | AA49: 서울특별시 강남구 논현로 706 아이캐슬빌딩 5층 트라이언소프트(주) | AB49: 44561 | AC49: =365*T49 -> 1825 | AD49: =U49-TODAY() -> 142 | AE49: =VLOOKUP($B49, [1]렌트_계약서번호!$B$3:$E$501, 4, FALSE) -> 21120032 | AF49: 21247761 | AG49: 1373239 | AH49: 21145760 | AI49: - | AJ49: 0 | AK49: 768930 | AL49: 54068 | AM49: 0 | AN49: 33500 | AO49: 0 | AP49: 941000 | AQ49: 143000 | AR49: 엠피온 S1000 | AS49: 66000 | AT49: 루마 전면 35%/측후면 15% | AU49: 769830 | AV49: =SUM(AI49,AJ49,AM49,AN49,AO49, AQ49,AS49+AK49+AL49) -> 1065498 | AW49: 렌터카 공제 | AX49: 44538 | AY49: 1130870 | AZ49: 1016230 | BD49: 만26세 | BE49: 무한대 | BF49: 2억원 | BG49: 1억원/1500만 | BH49: 2억원/1인당 | BI49: 30만원 | BJ49: 임직원 | BK49: 5회/년 | BL49: 가입 | BM49: 가입 | BN49: 가입 | BO49: 가입 | BR49: =IF(P49<=1600,P49*18,IF(P49<=2500,P49*19,IF(P49>2500,P49*24,20000))) -> 28764 | BS49: 현금 | BZ49: 0 | CB49: 말 | CC49: 25 | CD49: 484000 | CE49: =T49*12 -> 60 | CF49: =CE49*CD49 -> 29040000 | CG49: 0 | CH49: 0 | CI49: 8852000 | CJ49: 0.0362 | CK49: 0.04 | CL49: pius_x@trionsoft.com | CM49: helloboo@trionsoft.com | CO49: 0.03 | CQ49: 0 | CR49: 0 | CS49: 0 | CT49: 0 | CU49: 0 | CV49: 0 | CW49: 0 | CX49: 0 | CY49: 0 | CZ49: 0 | DA49: 0 | DB49: =IF(DC49="정수원 실장","기아", IF(DC49="박현식 부장", "현대", IF(DC49="김성진 팀장", "한성", IF(DC49="전석영 부장", "한성", IF(DC49= "박봉호 부장", "모토원",IF(DC49="정원철 부장", "한성")))))) -> 기아 | DC49: 정수원 실장 | DD49: =IF(DC49="정수원 실장","렌트베네핏", IF(DC49="박현식 부장", "렌트베네핏", IF(DC49="김성진 팀장", "청담", IF(DC49="전석영 부장", "방배", IF(DC49= "박봉호 부장", "일산",IF(DC91="정원철 부장", "청담")))))) -> 렌트베네핏 | DH49: 206-81-18204 | DI49: 주소 없음 | DJ49: 0.3 | DK49: 0.2
A50: 48 | B50: Ray-040 | C50: 장기렌트 | D50: ㈜카멜월드와이드 | E50: 김상욱 대표님 | F50: 010-3236-9253 | G50: Ray | H50: 스탠다드 A/T | I50: 12750000 | J50: 2022 | K50: White/Black | L50: 가솔린 | M50: KNACF911BNT284071 | N50: 125호3203 | O50: - | P50: 998 | Q50: 44503 | R50: 44557 | S50: 44557 | T50: 5 | U50: =IFERROR(S50+AC50, "-") -> 46382 | V50: =IFERROR(DATEDIF(TODAY(), U50, "m"), "-") -> 5 | W50: 20000 | X50: 김혜림 고객님 | Y50: 010-9902-9383 | AA50: 서울시 금천구 가산디지털1로 128, 510호 (주)카멜월드와이드 | AB50: 44586 | AC50: =365*T50 -> 1825 | AD50: =U50-TODAY() -> 156 | AE50: =VLOOKUP($B50, [1]렌트_계약서번호!$B$3:$E$501, 4, FALSE) -> 21120040 | AF50: 13209603 | AG50: 200000 | AH50: 12688000 | AI50: 0 | AJ50: 2000 | AK50: 461380 | AL50: 0 | AM50: 2000 | AN50: 27000 | AO50: 30000 | AP50: 430000 | AQ50: 0 | AR50: 엠피온 | AS50: 66000 | AT50: 루마 전면 35%/측후면 15% | AV50: =SUM(AI50,AJ50,AM50,AN50,AO50, AQ50,AS50+AK50+AL50) -> 588380 | AW50: 렌터카 공제 | AX50: 44503 | AY50: 1153090 | AZ50: 1035460 | BD50: 만26세 | BE50: 무한대 | BF50: 2억원 | BG50: 1억원/1500만 | BH50: 2억원/1인당 | BI50: 30만원 | BJ50: 임직원 | BK50: 5회/년 | BL50: 가입 | BM50: 미가입 | BN50: 브랜드보증 외 사용자 부담 | BO50: 브랜드보증 외 사용자 부담 | BP50: HANKOOK 앞/뒤165 60R14 79H | BR50: =IF(P50<=1600,P50*18,IF(P50<=2500,P50*19,IF(P50>2500,P50*24,20000))) -> 17964 | BS50: 현금 | BX50: =BW50*BV50 -> 0 | BY50: =BX50-BU50 -> 0 | BZ50: 0 | CB50: 25 | CC50: 25 | CD50: 376700 | CE50: =T50*12 -> 60 | CF50: =CE50*CD50 -> 22602000 | CI50: 2506900 | CJ50: 0.056 | CK50: 0.04 | CL50: sophia@camelww.com | CN50: 010-9902-9383 | CO50: 0.03 | CQ50: 0 | CR50: 0 | CS50: 0 | CT50: 0 | CU50: 0 | CV50: 0 | CW50: 0 | CX50: 0 | CY50: 0 | CZ50: 0 | DA50: 0 | DB50: =IF(DC50="정수원 실장","기아", IF(DC50="박현식 부장", "현대", IF(DC50="김성진 팀장", "한성", IF(DC50="전석영 부장", "한성", IF(DC50= "박봉호 부장", "모토원",IF(DC50="정원철 부장", "한성")))))) -> 기아 | DC50: 정수원 실장 | DD50: =IF(DC50="정수원 실장","렌트베네핏", IF(DC50="박현식 부장", "렌트베네핏", IF(DC50="김성진 팀장", "청담", IF(DC50="전석영 부장", "방배", IF(DC50= "박봉호 부장", "일산",IF(DC102="정원철 부장", "청담")))))) -> 렌트베네핏 | DH50: 264-81-04176 | DI50: 주소 없음 | DJ50: 0.3 | DK50: 0.2
A51: 49 | B51: Benz-006 | C51: 장기렌트 | D51: 대아하이테크㈜ | E51: 최경태 회장님 | F51: 010-3812-2116 | G51: G63 | H51: Edition | I51: 245600000 | J51: 2022 | K51: Ob/Bl | L51: 가솔린 | M51: W1NYC7GJXMX414507 | N51: 125호2393 | O51: - | P51: 3982 | Q51: 44557 | R51: 44549 | S51: 44559 | T51: 5 | U51: =IFERROR(S51+AC51, "-") -> 46384 | V51: =IFERROR(DATEDIF(TODAY(), U51, "m"), "-") -> 5 | W51: 20000 | X51: 최경태 회장님 | Y51: 010-3812-2116 | AA51: 대구광역시 달성군 구지면 국가산단 서로 71길 135 | AB51: 44586 | AC51: =365*T51 -> 1825 | AD51: =U51-TODAY() -> 158 | AE51: =VLOOKUP($B51, [1]렌트_계약서번호!$B$3:$E$501, 4, FALSE) -> 21120036 | AF51: 245600000 | AG51: 9824000 | AH51: 245600000 | AJ51: 0 | AK51: 8930900 | AL51: 411087 | AM51: 5000 | AN51: 21500 | AO51: 30000 | AP51: 0 | AR51: 벤츠블랙박스 | AT51: 후푸옵틱 측후면 15% 전면 50% | AU51: 9398987 | AV51: =SUM(AI51,AJ51,AM51,AN51,AO51, AQ51,AS51+AK51+AL51) -> 9398487 | AW51: 삼성화재 | AX51: 44557 | AY51: =8747130-1819480 -> 6927650 | AZ51: 1430070 | BD51: 만26세 | BE51: 무한대 | BF51: 5억 | BG51: 2억/3천만 | BH51: 2억원/1인당 | BI51: 50만원 | BJ51: 임직원 | BK51: 5회/년 | BL51: 가입 | BM51: 미가입 | BN51: 브랜드보증 외 사용자 부담 | BO51: 브랜드보증 외 사용자 부담 | BP51: Pirelli 앞,뒤 295/40 R22 | BR51: =IF(P51<=1600,P51*18,IF(P51<=2500,P51*19,IF(P51>2500,P51*24,20000))) -> 95568 | BS51: 현금 | BZ51: 0 | CB51: 25 | CC51: 25 | CD51: 3892150 | CE51: =T51*12 -> 60 | CF51: =CE51*CD51 -> 233529000 | CG51: 65285000 | CH51: 33525000 | CI51: 65285000 | CJ51: 0 | CK51: 0.06 | CL51: daeahitech@nate.com | CM51: daeaind@chol.com | CO51: 0.03 | CQ51: 0 | CR51: 0 | CS51: 0 | CT51: 0 | CU51: 0 | CV51: 0 | CW51: 0 | CX51: 0 | CY51: 0 | CZ51: 0 | DA51: 0 | DB51: =IF(DC51="정수원 실장","기아", IF(DC51="박현식 부장", "현대", IF(DC51="김성진 팀장", "한성", IF(DC51="전석영 부장", "한성", IF(DC51= "박봉호 부장", "모토원",IF(DC51="정원철 부장", "한성")))))) -> FALSE | DC51: 김정수 팀장 | DD51: =IF(DC51="정수원 실장","렌트베네핏", IF(DC51="박현식 부장", "렌트베네핏", IF(DC51="김성진 팀장", "청담", IF(DC51="전석영 부장", "방배", IF(DC51= "박봉호 부장", "일산",IF(DC103="정원철 부장", "청담")))))) -> FALSE | DH51: 514-81-37607 | DI51: 대구광역시 달성군 현풍읍 삼강길 87 | DJ51: 0.3 | DK51: 0.2
A52: 50 | B52: Ray-041 | C52: 장기렌트 | D52: ㈜와이케이개발 | E52: 김태균 대표님 | F52: 010-3707-1131 | G52: Ray | H52: 스탠다드 A/T | I52: 12750000 | J52: 2022 | K52: White/Black | L52: 가솔린 | M52: KNACF911BNT284072 | N52: 125호3204 | O52: - | P52: 998 | Q52: 44503 | R52: 44561 | S52: 44582 | T52: 4 | U52: =IFERROR(S52+AC52, "-") -> 46042 | V52: =IFERROR(DATEDIF(TODAY(), U52, "m"), "-") -> - | W52: 20000 | X52: 백혜란 고객님 | Y52: 010-8688-6421 | AA52: 투썸플레이스 강남신사점 | AB52: 44592 | AC52: =365*T52 -> 1460 | AD52: =U52-TODAY() -> -184 | AE52: =VLOOKUP($B52, [1]렌트_계약서번호!$B$3:$E$501, 4, FALSE) -> 21120041 | AF52: 13209603 | AG52: 200000 | AH52: 12688000 | AI52: 0 | AJ52: 2000 | AK52: 461380 | AL52: 0 | AM52: 2000 | AN52: 27000 | AO52: 30000 | AP52: 430000 | AQ52: 0 | AR52: 엠피온 | AS52: 0 | AT52: 루마 전면 없음/측후면 15% | AV52: =SUM(AI52,AJ52,AM52,AN52,AO52, AQ52,AS52+AK52+AL52) -> 522380 | AW52: 렌터카 공제 | AX52: 44503 | AY52: 1153090 | AZ52: 1035460 | BD52: 만26세 | BE52: 무한대 | BF52: 2억원 | BG52: 1억원/1500만 | BH52: 2억원/1인당 | BI52: 30만원 | BJ52: 임직원 | BK52: 5회/년 | BL52: 가입 | BM52: 미가입 | BN52: 브랜드보증 외 사용자 부담 | BO52: 브랜드보증 외 사용자 부담 | BP52: HANKOOK 앞/뒤165 60R14 79H | BR52: =IF(P52<=1600,P52*18,IF(P52<=2500,P52*19,IF(P52>2500,P52*24,20000))) -> 17964 | BS52: 현금 | BX52: =BW52*BV52 -> 0 | BY52: =BX52-BU52 -> 0 | BZ52: 0 | CB52: 말 | CC52: 25 | CD52: 418300 | CE52: =T52*12 -> 48 | CF52: =CE52*CD52 -> 20078400 | CI52: 4065000 | CJ52: 0.026 | CK52: 0.06 | CL52: r44333@naver.com | CO52: 0.03 | CQ52: 0 | CR52: 0 | CS52: 0 | CT52: 0 | CU52: 0 | CV52: 0 | CW52: 0 | CX52: 0 | CY52: 0 | CZ52: 0 | DA52: 0 | DB52: =IF(DC52="정수원 실장","기아", IF(DC52="박현식 부장", "현대", IF(DC52="김성진 팀장", "한성", IF(DC52="전석영 부장", "한성", IF(DC52= "박봉호 부장", "모토원",IF(DC52="정원철 부장", "한성")))))) -> 기아 | DC52: 정수원 실장 | DD52: 렌트베네핏 | DH52: 115-88-00902 | DI52: 주소 없음 | DJ52: 0.3 | DK52: 0.2
A53: 51 | B53: Benz-009 | C53: 장기렌트 | D53: ㈜유니온 | E53: 이우선 부사장님 | F53: 010-5390-3036 | G53: MAYBACH S580 | H53: 4Matic L | I53: 281600000 | J53: 2022 | K53: Ob/Bl | L53: 가솔린 | M53: W1K6X7GB8NA085814 | N53: 101하7218 | O53: - | P53: 3982 | Q53: 44561 | R53: 44554 | S53: 44565 | T53: 5 | U53: =IFERROR(S53+AC53, "-") -> 46390 | V53: =IFERROR(DATEDIF(TODAY(), U53, "m"), "-") -> 5 | W53: 20000 | X53: 송헌제 팀장님 | Y53: 010-4870-5145 | AA53: 서울시 중구 소공로 94 OCI빌딩 13층 UNION | AB53: 44586 | AC53: =365*T53 -> 1825 | AD53: =U53-TODAY() -> 164 | AE53: =VLOOKUP($B53, [1]렌트_계약서번호!$B$3:$E$501, 4, FALSE) -> 21120039 | AF53: 270336000 | AG53: 11264000 | AH53: 270336000 | AJ53: 0 | AK53: 9830400 | AL53: 693745 | AM53: 5000 | AN53: 21500 | AO53: 30000 | AP53: 0 | AR53: 벤츠블랙박스 | AT53: 후푸옵틱 측후면 15% 전면 50% | AU53: 10581145 | AV53: =SUM(AI53,AJ53,AM53,AN53,AO53, AQ53,AS53+AK53+AL53) -> 10580645 | AW53: 삼성화재 | AX53: 44561 | AY53: =9934060-3478990 -> 6455070 | AZ53: 1104500 | BD53: 만26세 | BE53: 무한대 | BF53: 5억 | BG53: 2억/3천만 | BH53: 2억원/1인당 | BI53: 50만원 | BJ53: 임직원 | BK53: 5회/년 | BL53: 가입 | BM53: 미가입 | BN53: 브랜드보증 외 사용자 부담 | BO53: 브랜드보증 외 사용자 부담 | BP53: Pirelli 앞,뒤 255/40 R20 | BR53: =IF(P53<=1600,P53*18,IF(P53<=2500,P53*19,IF(P53>2500,P53*24,20000))) -> 95568 | BS53: 현금 | BZ53: 0 | CB53: 25 | CC53: 10 | CD53: 4379100 | CE53: =T53*12 -> 60 | CF53: =CE53*CD53 -> 262746000 | CG53: 84480000 | CH53: 0 | CI53: 104192000 | CJ53: 0 | CK53: 0.06 | CL53: hjsong@unioncement.com | CM53: yejeon@unioncement.com | CO53: 0.03 | CQ53: 0 | CR53: 0 | CS53: 0 | CT53: 0 | CU53: 0 | CV53: 0 | CW53: 0 | CX53: 0 | CY53: 0 | CZ53: 0 | DA53: 0 | DB53: =IF(DC53="정수원 실장","기아", IF(DC53="박현식 부장", "현대", IF(DC53="김성진 팀장", "한성", IF(DC53="전석영 부장", "한성", IF(DC53= "박봉호 부장", "모토원",IF(DC53="정원철 부장", "한성")))))) -> 한성 | DC53: 김성진 팀장 | DD53: 청담 | DH53: 104-81-24962 | DI53: 주소 없음 | DJ53: 0.3 | DK53: 0.2
A54: 52 | B54: Ray-042 | C54: 장기렌트 | D54: 주식회사 삼지 | E54: 최진식 대표님 | F54: 010-2356-3866 | G54: Ray | H54: 스탠다드 A/T | I54: 12750000 | J54: 2022 | K54: White/Black | L54: 가솔린 | M54: KNACF911BNT284073 | N54: 125호3205 | O54: - | P54: 998 | Q54: 44503 | R54: 44566 | S54: 44566 | T54: 5 | U54: =IFERROR(S54+AC54, "-") -> 46391 | V54: =IFERROR(DATEDIF(TODAY(), U54, "m"), "-") -> 5 | W54: 20000 | X54: 최서현 고객님 | Y54: 010-5646-7559 | AA54: 경기도 안성시 원곡면 지문로 120-39, 1, 2층 | AB54: 44592 | AC54: =365*T54 -> 1825 | AD54: =U54-TODAY() -> 165 | AE54: =VLOOKUP($B54, [1]렌트_계약서번호!$B$3:$E$501, 4, FALSE) -> 22010001 | AF54: 13209603 | AG54: 200000 | AH54: 12688000 | AI54: 0 | AJ54: 2000 | AK54: 461380 | AL54: 0 | AM54: 2000 | AN54: 27000 | AO54: 30000 | AP54: 430000 | AQ54: 0 | AR54: 엠피온 | AS54: 0 | AT54: 루마 전면 없음/측후면 15% | AV54: =SUM(AI54,AJ54,AM54,AN54,AO54, AQ54,AS54+AK54+AL54) -> 522380 | AW54: 렌터카 공제 | AX54: 44503 | AY54: 1153090 | AZ54: 1035460 | BD54: 만26세 | BE54: 무한대 | BF54: 2억원 | BG54: 1억원/1500만 | BH54: 2억원/1인당 | BI54: 30만원 | BJ54: 임직원 | BK54: 5회/년 | BL54: 가입 | BM54: 미가입 | BN54: 브랜드보증 외 사용자 부담 | BO54: 브랜드보증 외 사용자 부담 | BP54: HANKOOK 앞/뒤165 60R14 79H | BR54: =IF(P54<=1600,P54*18,IF(P54<=2500,P54*19,IF(P54>2500,P54*24,20000))) -> 17964 | BS54: 현금 | BX54: =BW54*BV54 -> 0 | BY54: =BX54-BU54 -> 0 | BZ54: 0 | CB54: 말 | CC54: 말 | CD54: 365200 | CE54: =T54*12 -> 60 | CF54: =CE54*CD54 -> 21912000 | CG54: 3387500 | CI54: 3387500 | CJ54: 0.008 | CK54: 0.06 | CL54: samgeetech@3will.co.kr | CN54: 010-5646-7559 | CO54: 0.03 | CQ54: 0 | CR54: 0 | CS54: 0 | CT54: 0 | CU54: 0 | CV54: 0 | CW54: 0 | CX54: 0 | CY54: 0 | CZ54: 0 | DA54: 0 | DB54: =IF(DC54="정수원 실장","기아", IF(DC54="박현식 부장", "현대", IF(DC54="김성진 팀장", "한성", IF(DC54="전석영 부장", "한성", IF(DC54= "박봉호 부장", "모토원",IF(DC54="정원철 부장", "한성")))))) -> 기아 | DC54: 정수원 실장 | DD54: 렌트베네핏 | DH54: 554-05-00327 | DI54: 주소 없음 | DJ54: 0.3 | DK54: 0.2
A55: 53 | B55: Ray-045 | C55: 장기렌트 | D55: 주식회사 삼지 | E55: 최진식 대표님 | F55: 010-2356-3866 | G55: Ray | H55: 스탠다드 A/T | I55: 12750000 | J55: 2022 | K55: White/Black | L55: 가솔린 | M55: KNACF911BNT284937 | N55: 125호3208 | O55: - | P55: 998 | Q55: 44503 | R55: 44566 | S55: 44566 | T55: 5 | U55: =IFERROR(S55+AC55, "-") -> 46391 | V55: =IFERROR(DATEDIF(TODAY(), U55, "m"), "-") -> 5 | W55: 20000 | X55: 최서현 고객님 | Y55: 010-5646-7559 | AA55: 경기도 안성시 원곡면 지문로 120-39, 1, 2층 | AB55: 44592 | AC55: =365*T55 -> 1825 | AD55: =U55-TODAY() -> 165 | AE55: =VLOOKUP($B55, [1]렌트_계약서번호!$B$3:$E$501, 4, FALSE) -> 22010002 | AF55: 13209603 | AG55: 200000 | AH55: 12688000 | AI55: 0 | AJ55: 2000 | AK55: 461380 | AL55: 0 | AM55: 2000 | AN55: 27000 | AO55: 30000 | AP55: 430000 | AQ55: 0 | AR55: 엠피온 | AS55: 0 | AT55: 루마 전면 없음/측후면 15% | AV55: =SUM(AI55,AJ55,AM55,AN55,AO55, AQ55,AS55+AK55+AL55) -> 522380 | AW55: 렌터카 공제 | AX55: 44503 | AY55: 1153090 | AZ55: 1035460 | BD55: 만26세 | BE55: 무한대 | BF55: 2억원 | BG55: 1억원/1500만 | BH55: 2억원/1인당 | BI55: 30만원 | BJ55: 임직원 | BK55: 5회/년 | BL55: 가입 | BM55: 미가입 | BN55: 브랜드보증 외 사용자 부담 | BO55: 브랜드보증 외 사용자 부담 | BP55: HANKOOK 앞/뒤165 60R14 79H | BR55: =IF(P55<=1600,P55*18,IF(P55<=2500,P55*19,IF(P55>2500,P55*24,20000))) -> 17964 | BS55: 현금 | BX55: =BW55*BV55 -> 0 | BY55: =BX55-BU55 -> 0 | BZ55: 0 | CB55: 말 | CC55: 말 | CD55: 365200 | CE55: =T55*12 -> 60 | CF55: =CE55*CD55 -> 21912000 | CG55: 3387500 | CI55: 3387500 | CJ55: 0.008 | CK55: 0.06 | CL55: samgeetech@3will.co.kr | CO55: 0.03 | CQ55: 0 | CR55: 0 | CS55: 0 | CT55: 0 | CU55: 0 | CV55: 0 | CW55: 0 | CX55: 0 | CY55: 0 | CZ55: 0 | DA55: 0 | DB55: =IF(DC55="정수원 실장","기아", IF(DC55="박현식 부장", "현대", IF(DC55="김성진 팀장", "한성", IF(DC55="전석영 부장", "한성", IF(DC55= "박봉호 부장", "모토원",IF(DC55="정원철 부장", "한성")))))) -> 기아 | DC55: 정수원 실장 | DD55: 렌트베네핏 | DH55: 554-05-00327 | DI55: 주소 없음 | DJ55: 0.3 | DK55: 0.2
A56: 54 | B56: Ray-039 | C56: 계약변경 | D56: 타바론코리아㈜ | E56: 박영준 대표님 | F56: 010-3763-0910 | G56: Ray Van | H56: 스탠다드 A/T | I56: 12750000 | J56: 2022 | K56: White/Black | L56: 가솔린 | M56: KNACF911BNT284070 | N56: 125호3202 | O56: - | P56: 998 | Q56: 44503 | R56: 44568 | S56: 44568 | T56: 3 | U56: =IFERROR(S56+AC56, "-") -> 45663 | V56: =IFERROR(DATEDIF(TODAY(), U56, "m"), "-") -> - | W56: 20000 | X56: 최시영 과장님 | Y56: 010-6312-3438 | AA56: 서울특별시 강남구 학동로 56길 47 (삼성동, 3층) | AB56: 44586 | AC56: =365*T56 -> 1095 | AD56: =U56-TODAY() -> -563 | AE56: =VLOOKUP($B56, [1]렌트_계약서번호!$B$3:$E$501, 4, FALSE) -> 22010003 | AF56: 13209603 | AG56: 200000 | AH56: 12688000 | AI56: 0 | AJ56: 2000 | AK56: 461380 | AL56: 0 | AM56: 2000 | AN56: 27000 | AO56: 30000 | AP56: 430000 | AQ56: 0 | AR56: 엠피온 | AS56: 0 | AT56: 루마 전면 없음/측후면 15% | AV56: =SUM(AI56,AJ56,AM56,AN56,AO56, AQ56,AS56+AK56+AL56) -> 522380 | AW56: 렌터카 공제 | AX56: 44503 | AY56: 1153090 | AZ56: 1035460 | BD56: 만26세 | BE56: 무한대 | BF56: 2억원 | BG56: 1억원/1500만 | BH56: 2억원/1인당 | BI56: 30만원 | BJ56: 임직원 | BK56: 5회/년 | BL56: 가입 | BM56: 미가입 | BN56: 브랜드보증 외 사용자 부담 | BO56: 브랜드보증 외 사용자 부담 | BP56: HANKOOK 앞/뒤165 60R14 79H | BR56: =IF(P56<=1600,P56*18,IF(P56<=2500,P56*19,IF(P56>2500,P56*24,20000))) -> 17964 | BS56: 현금 | BX56: =BW56*BV56 -> 0 | BY56: =BX56-BU56 -> 0 | BZ56: 0 | CB56: 25 | CC56: 25 | CD56: 393700 | CE56: =T56*12 -> 36 | CF56: =CE56*CD56 -> 14173200 | CG56: 3825000 | CI56: 4065000 | CJ56: -0.02 | CK56: 0.04 | CL56: tax@tavalon.co.kr | CO56: 0.03 | CQ56: 0 | CR56: 0 | CS56: 0 | CT56: 0 | CU56: 0 | CV56: 0 | CW56: 0 | CX56: 0 | CY56: 0 | CZ56: 0 | DA56: 0 | DB56: =IF(DC56="정수원 실장","기아", IF(DC56="박현식 부장", "현대", IF(DC56="김성진 팀장", "한성", IF(DC56="전석영 부장", "한성", IF(DC56= "박봉호 부장", "모토원",IF(DC56="정원철 부장", "한성")))))) -> 기아 | DC56: 정수원 실장 | DD56: 렌트베네핏 | DH56: 105-87-23065 | DI56: 주소 없음 | DJ56: 0.3 | DK56: 0.2
A57: 55 | B57: Ray-037 | C57: 장기렌트 | D57: 신흥정보통신㈜_26 | E57: 이종희 이사님 | F57: 010-3214-0636 | G57: Ray Van | H57: 스탠다드 A/T | I57: 12750000 | J57: 2022 | K57: White/Black | L57: 가솔린 | M57: KNACF911BNT284068 | N57: 125호3200 | O57: - | P57: 998 | Q57: 44503 | R57: 44596 | S57: 44596 | T57: 5 | U57: =IFERROR(S57+AC57, "-") -> 46421 | V57: =IFERROR(DATEDIF(TODAY(), U57, "m"), "-") -> 6 | W57: 20000 | X57: 고윤석 | Y57: 010-5273-4464 | Z57: 수내 | AA57: 경기도 성남시 분당구 불정로 90 (정자동) KT수내지점 1층 신흥정보통신 | AB57: 44625 | AC57: =365*T57 -> 1825 | AD57: =U57-TODAY() -> 195 | AE57: =VLOOKUP($B57, [1]렌트_계약서번호!$B$3:$E$501, 4, FALSE) -> 22020008 | AF57: 13209603 | AG57: 200000 | AH57: 12688000 | AI57: 0 | AJ57: 2000 | AK57: 461380 | AL57: 0 | AM57: 2000 | AN57: 27000 | AO57: 30000 | AP57: 430000 | AQ57: 0 | AR57: 엠피온 | AS57: 0 | AT57: 루마 전면 없음/측후면 15% | AV57: =SUM(AI57,AJ57,AM57,AN57,AO57, AQ57,AS57+AK57+AL57) -> 522380 | AW57: 렌터카 공제 | AX57: 44503 | AY57: 1153090 | AZ57: 1035460 | BD57: 만26세 | BE57: 무한대 | BF57: 2억원 | BG57: 1억원/1500만 | BH57: 2억원/1인당 | BI57: 30만원 | BJ57: 임직원 | BK57: 5회/년 | BL57: 가입 | BM57: 미가입 | BN57: 브랜드보증 외 사용자 부담 | BO57: 브랜드보증 외 사용자 부담 | BP57: HANKOOK 앞/뒤165 60R14 79H | BR57: =IF(P57<=1600,P57*18,IF(P57<=2500,P57*19,IF(P57>2500,P57*24,20000))) -> 17964 | BS57: 현금 | BX57: =BW57*BV57 -> 0 | BY57: =BX57-BU57 -> 0 | BZ57: 0 | CB57: 5 | CC57: 5 | CD57: 330900 | CE57: =T57*12 -> 60 | CF57: =CE57*CD57 -> 19854000 | CI57: 2506900 | CJ57: -0.012 | CK57: 0.04 | CL57: jhlee@shtel.co.kr | CO57: 0.03 | CQ57: 0 | CR57: 0 | CS57: 0 | CT57: 0 | CU57: 0 | CV57: 0 | CW57: 0 | CX57: 0 | CY57: 0 | CZ57: 0 | DA57: 0 | DB57: =IF(DC57="정수원 실장","기아", IF(DC57="박현식 부장", "현대", IF(DC57="김성진 팀장", "한성", IF(DC57="전석영 부장", "한성", IF(DC57= "박봉호 부장", "모토원",IF(DC57="정원철 부장", "한성")))))) -> 기아 | DC57: 정수원 실장 | DD57: 렌트베네핏 | DH57: 206-85-09469 | DI57: 주소 없음 | DJ57: 0.3 | DK57: 0.2
A58: 56 | B58: Ray-043 | C58: 장기렌트 | D58: 신흥정보통신㈜_28 | E58: 이종희 이사님 | F58: 010-3214-0636 | G58: Ray Van | H58: 스탠다드 A/T | I58: 12750000 | J58: 2022 | K58: White/Black | L58: 가솔린 | M58: KNACF911BNT284074 | N58: 125호3206 | O58: - | P58: 998 | Q58: 44503 | R58: 44596 | S58: 44596 | T58: 5 | U58: =IFERROR(S58+AC58, "-") -> 46421 | V58: =IFERROR(DATEDIF(TODAY(), U58, "m"), "-") -> 6 | W58: 20000 | X58: 맹원식 | Y58: 010-3325-0037 | Z58: 영통 | AA58: 경기도 수원시 장안구 정조로 947 KT수원지사 별관 1층 신흥정보통신 | AB58: 44625 | AC58: =365*T58 -> 1825 | AD58: =U58-TODAY() -> 195 | AE58: =VLOOKUP($B58, [1]렌트_계약서번호!$B$3:$E$501, 4, FALSE) -> 22020010 | AF58: 13209603 | AG58: 200000 | AH58: 12688000 | AI58: 0 | AJ58: 2000 | AK58: 461380 | AL58: 0 | AM58: 2000 | AN58: 27000 | AO58: 30000 | AP58: 430000 | AQ58: 0 | AR58: 엠피온 | AS58: 0 | AT58: 루마 전면 없음/측후면 15% | AV58: =SUM(AI58,AJ58,AM58,AN58,AO58, AQ58,AS58+AK58+AL58) -> 522380 | AW58: 렌터카 공제 | AX58: 44503 | AY58: 1153090 | AZ58: =1035460 -> 1035460 | BD58: 만26세 | BE58: 무한대 | BF58: 2억원 | BG58: 1억원/1500만 | BH58: 2억원/1인당 | BI58: 30만원 | BJ58: 임직원 | BK58: 5회/년 | BL58: 가입 | BM58: 미가입 | BN58: 브랜드보증 외 사용자 부담 | BO58: 브랜드보증 외 사용자 부담 | BP58: HANKOOK 앞/뒤165 60R14 79H | BR58: =IF(P58<=1600,P58*18,IF(P58<=2500,P58*19,IF(P58>2500,P58*24,20000))) -> 17964 | BS58: 현금 | BX58: =BW58*BV58 -> 0 | BY58: =BX58-BU58 -> 0 | BZ58: 0 | CB58: 5 | CC58: 5 | CD58: 330900 | CE58: =T58*12 -> 60 | CF58: =CE58*CD58 -> 19854000 | CI58: 2506900 | CJ58: -0.012 | CK58: 0.04 | CL58: jhlee@shtel.co.kr | CO58: 0.03 | CQ58: 0 | CR58: 0 | CS58: 0 | CT58: 0 | CU58: 0 | CV58: 0 | CW58: 0 | CX58: 0 | CY58: 0 | CZ58: 0 | DA58: 0 | DB58: =IF(DC58="정수원 실장","기아", IF(DC58="박현식 부장", "현대", IF(DC58="김성진 팀장", "한성", IF(DC58="전석영 부장", "한성", IF(DC58= "박봉호 부장", "모토원",IF(DC58="정원철 부장", "한성")))))) -> 기아 | DC58: 정수원 실장 | DD58: 렌트베네핏 | DH58: 206-85-09469 | DI58: 주소 없음 | DJ58: 0.3 | DK58: 0.2
A59: 57 | B59: Ray-044 | C59: 장기렌트 | D59: 신흥정보통신㈜_29 | E59: 이종희 이사님 | F59: 010-3214-0636 | G59: Ray Van | H59: 스탠다드 A/T | I59: 12750000 | J59: 2022 | K59: White/Black | L59: 가솔린 | M59: KNACF911BNT284904 | N59: 125호3207 | O59: - | P59: 998 | Q59: 44503 | R59: 44596 | S59: 44596 | T59: 5 | U59: =IFERROR(S59+AC59, "-") -> 46421 | V59: =IFERROR(DATEDIF(TODAY(), U59, "m"), "-") -> 6 | W59: 20000 | X59: 맹원식 | Y59: 010-3325-0037 | Z59: 영통 | AA59: 경기도 수원시 장안구 정조로 947 KT수원지사 별관 1층 신흥정보통신 | AB59: 44625 | AC59: =365*T59 -> 1825 | AD59: =U59-TODAY() -> 195 | AE59: =VLOOKUP($B59, [1]렌트_계약서번호!$B$3:$E$501, 4, FALSE) -> 22020011 | AF59: 13209603 | AG59: 200000 | AH59: 12688000 | AI59: 0 | AJ59: 2000 | AK59: 461380 | AL59: 0 | AM59: 2000 | AN59: 27000 | AO59: 30000 | AP59: 430000 | AQ59: 0 | AR59: 엠피온 | AS59: 0 | AT59: 루마 전면 없음/측후면 15% | AV59: =SUM(AI59,AJ59,AM59,AN59,AO59, AQ59,AS59+AK59+AL59) -> 522380 | AW59: 렌터카 공제 | AX59: 44503 | AY59: 1153090 | AZ59: 1035460 | BD59: 만26세 | BE59: 무한대 | BF59: 2억원 | BG59: 1억원/1500만 | BH59: 2억원/1인당 | BI59: 30만원 | BJ59: 임직원 | BK59: 5회/년 | BL59: 가입 | BM59: 미가입 | BN59: 브랜드보증 외 사용자 부담 | BO59: 브랜드보증 외 사용자 부담 | BP59: HANKOOK 앞/뒤165 60R14 79H | BR59: =IF(P59<=1600,P59*18,IF(P59<=2500,P59*19,IF(P59>2500,P59*24,20000))) -> 17964 | BS59: 현금 | BX59: =BW59*BV59 -> 0 | BY59: =BX59-BU59 -> 0 | BZ59: 0 | CB59: 5 | CC59: 5 | CD59: 330900 | CE59: =T59*12 -> 60 | CF59: =CE59*CD59 -> 19854000 | CI59: 2506900 | CJ59: -0.012 | CK59: 0.04 | CL59: jhlee@shtel.co.kr | CO59: 0.03 | CQ59: 0 | CR59: 0 | CS59: 0 | CT59: 0 | CU59: 0 | CV59: 0 | CW59: 0 | CX59: 0 | CY59: 0 | CZ59: 0 | DA59: 0 | DB59: =IF(DC59="정수원 실장","기아", IF(DC59="박현식 부장", "현대", IF(DC59="김성진 팀장", "한성", IF(DC59="전석영 부장", "한성", IF(DC59= "박봉호 부장", "모토원",IF(DC59="정원철 부장", "한성")))))) -> 기아 | DC59: 정수원 실장 | DD59: 렌트베네핏 | DH59: 206-85-09469 | DI59: 주소 없음 | DJ59: 0.3 | DK59: 0.2
A60: 58 | B60: Ray-046 | C60: 장기렌트 | D60: 신흥정보통신㈜_30 | E60: 이종희 이사님 | F60: 010-3214-0636 | G60: Ray Van | H60: 스탠다드 A/T | I60: 12750000 | J60: 2022 | K60: White/Black | L60: 가솔린 | M60: KNACF911BNT284934 | N60: 125호3209 | O60: - | P60: 998 | Q60: 44503 | R60: 44596 | S60: 44596 | T60: 5 | U60: =IFERROR(S60+AC60, "-") -> 46421 | V60: =IFERROR(DATEDIF(TODAY(), U60, "m"), "-") -> 6 | W60: 20000 | X60: 맹원식 | Y60: 010-3325-0037 | Z60: 영통 | AA60: 경기도 수원시 장안구 정조로 947 KT수원지사 별관 1층 신흥정보통신 | AB60: 44625 | AC60: =365*T60 -> 1825 | AD60: =U60-TODAY() -> 195 | AE60: =VLOOKUP($B60, [1]렌트_계약서번호!$B$3:$E$501, 4, FALSE) -> 22020012 | AF60: 13209603 | AG60: 200000 | AH60: 12688000 | AI60: 0 | AJ60: 2000 | AK60: 461380 | AL60: 0 | AM60: 2000 | AN60: 27000 | AO60: 30000 | AP60: 430000 | AQ60: 0 | AR60: 엠피온 | AS60: 0 | AT60: 루마 전면 없음/측후면 15% | AV60: =SUM(AI60,AJ60,AM60,AN60,AO60, AQ60,AS60+AK60+AL60) -> 522380 | AW60: 렌터카 공제 | AX60: 44503 | AY60: 1153090 | AZ60: =1035460 -> 1035460 | BD60: 만26세 | BE60: 무한대 | BF60: 2억원 | BG60: 1억원/1500만 | BH60: 2억원/1인당 | BI60: 30만원 | BJ60: 임직원 | BK60: 5회/년 | BL60: 가입 | BM60: 미가입 | BN60: 브랜드보증 외 사용자 부담 | BO60: 브랜드보증 외 사용자 부담 | BP60: HANKOOK 앞/뒤165 60R14 79H | BR60: =IF(P60<=1600,P60*18,IF(P60<=2500,P60*19,IF(P60>2500,P60*24,20000))) -> 17964 | BS60: 현금 | BX60: =BW60*BV60 -> 0 | BY60: =BX60-BU60 -> 0 | BZ60: 0 | CB60: 5 | CC60: 5 | CD60: 330900 | CE60: =T60*12 -> 60 | CF60: =CE60*CD60 -> 19854000 | CI60: 2506900 | CJ60: -0.012 | CK60: 0.04 | CL60: jhlee@shtel.co.kr | CO60: 0.03 | CQ60: 0 | CR60: 0 | CS60: 0 | CT60: 0 | CU60: 0 | CV60: 0 | CW60: 0 | CX60: 0 | CY60: 0 | CZ60: 0 | DA60: 0 | DB60: =IF(DC60="정수원 실장","기아", IF(DC60="박현식 부장", "현대", IF(DC60="김성진 팀장", "한성", IF(DC60="전석영 부장", "한성", IF(DC60= "박봉호 부장", "모토원",IF(DC60="정원철 부장", "한성")))))) -> 기아 | DC60: 정수원 실장 | DD60: =IF(DC60="정수원 실장","렌트베네핏", IF(DC60="박현식 부장", "렌트베네핏", IF(DC60="김성진 팀장", "청담", IF(DC60="전석영 부장", "방배", IF(DC60= "박봉호 부장", "일산",IF(DC104="정원철 부장", "청담")))))) -> 렌트베네핏 | DH60: 206-85-09469 | DI60: 주소 없음 | DJ60: 0.3 | DK60: 0.2
A61: 59 | B61: Ray-025 | C61: 장기렌트 | D61: 신흥정보통신㈜_22 | E61: 이종희 이사님 | F61: 010-3214-0636 | G61: Ray Van | H61: 스탠다드 A/T | I61: 12750000 | J61: 2022 | K61: White/Black | L61: 가솔린 | M61: KNACF911BNT283764 | N61: 101호2188 | O61: - | P61: 998 | Q61: 44503 | R61: 44596 | S61: 44600 | T61: 5 | U61: =IFERROR(S61+AC61, "-") -> 46425 | V61: =IFERROR(DATEDIF(TODAY(), U61, "m"), "-") -> 6 | W61: 20000 | X61: 맹원식 | Y61: 010-3325-0037 | Z61: 수원 | AA61: 경기도 수원시 장안구 정조로 947 KT수원지사 별관 1층 신흥정보통신 | AB61: 44625 | AC61: =365*T61 -> 1825 | AD61: =U61-TODAY() -> 199 | AE61: =VLOOKUP($B61, [1]렌트_계약서번호!$B$3:$E$501, 4, FALSE) -> 22020006 | AF61: 13209603 | AG61: 200000 | AH61: 12681000 | AI61: 0 | AJ61: 2000 | AK61: 461120 | AL61: 0 | AM61: 2000 | AN61: 27000 | AO61: 30000 | AP61: 430000 | AQ61: 0 | AR61: 엠피온 | AS61: 0 | AT61: 루마 전면 없음/측후면 15% | AV61: =SUM(AI61,AJ61,AM61,AN61,AO61, AQ61,AS61+AK61+AL61) -> 522120 | AW61: 렌터카 공제 | AX61: 44503 | AY61: 1153090 | AZ61: =1035460 -> 1035460 | BD61: 만26세 | BE61: 무한대 | BF61: 2억원 | BG61: 1억원/1500만 | BH61: 2억원/1인당 | BI61: 30만원 | BJ61: 임직원 | BK61: 5회/년 | BL61: 가입 | BM61: 미가입 | BN61: 브랜드보증 외 사용자 부담 | BO61: 브랜드보증 외 사용자 부담 | BP61: HANKOOK 앞/뒤165 60R14 79H | BR61: =IF(P61<=1600,P61*18,IF(P61<=2500,P61*19,IF(P61>2500,P61*24,20000))) -> 17964 | BS61: 현금 | BX61: =BW61*BV61 -> 0 | BY61: =BX61-BU61 -> 0 | BZ61: 0 | CB61: 5 | CC61: 5 | CD61: 330900 | CE61: =T61*12 -> 60 | CF61: =CE61*CD61 -> 19854000 | CI61: 2506900 | CJ61: -0.012 | CK61: 0.04 | CL61: jhlee@shtel.co.kr | CO61: 0.03 | CQ61: 0 | CR61: 0 | CS61: 0 | CT61: 0 | CU61: 0 | CV61: 0 | CW61: 0 | CX61: 0 | CY61: 0 | CZ61: 0 | DA61: 0 | DB61: =IF(DC61="정수원 실장","기아", IF(DC61="박현식 부장", "현대", IF(DC61="김성진 팀장", "한성", IF(DC61="전석영 부장", "한성", IF(DC61= "박봉호 부장", "모토원",IF(DC61="정원철 부장", "한성")))))) -> 기아 | DC61: 정수원 실장 | DD61: =IF(DC61="정수원 실장","렌트베네핏", IF(DC61="박현식 부장", "렌트베네핏", IF(DC61="김성진 팀장", "청담", IF(DC61="전석영 부장", "방배", IF(DC61= "박봉호 부장", "일산",IF(DC105="정원철 부장", "청담")))))) -> 렌트베네핏 | DH61: 206-85-09469 | DI61: 주소 없음 | DJ61: 0.3 | DK61: 0.2
A62: 60 | B62: Ray-024 | C62: 장기렌트 | D62: ㈜굿모닝코퍼레이션 | E62: 나한빈 대표님 | F62: 010-3268-1266 | G62: Ray Van | H62: 스탠다드 A/T | I62: 12750000 | J62: 2022 | K62: White/Black | L62: 가솔린 | M62: KNACF911BNT283761 | N62: 142호4231 | O62: - | P62: 998 | Q62: 44503 | R62: 44602 | S62: 44602 | T62: 5 | U62: =IFERROR(S62+AC62, "-") -> 46427 | V62: =IFERROR(DATEDIF(TODAY(), U62, "m"), "-") -> 6 | W62: 20000 | X62: 나한빈 대표님 | Y62: 010-9061-3000 | AA62: 서초구 동산로 13길 16 영재빌딩 주차장 | AB62: 44630 | AC62: =365*T62 -> 1825 | AD62: =U62-TODAY() -> 201 | AE62: =VLOOKUP($B62, [1]렌트_계약서번호!$B$3:$E$501, 4, FALSE) -> 22020013 | AF62: 13209603 | AG62: 200000 | AH62: 12681000 | AI62: 0 | AJ62: 2000 | AK62: 461120 | AL62: 0 | AM62: 2000 | AN62: 27000 | AO62: 30000 | AP62: 430000 | AQ62: 0 | AR62: 엠피온 | AS62: 0 | AT62: 루마 전면 없음/측후면 15% | AV62: =SUM(AI62,AJ62,AM62,AN62,AO62, AQ62,AS62+AK62+AL62) -> 522120 | AW62: 렌터카 공제 | AX62: 44503 | AY62: 1153090 | AZ62: =1042640 -> 1042640 | BD62: 만26세 | BE62: 무한대 | BF62: 2억원 | BG62: 1억원/1500만 | BH62: 2억원/1인당 | BI62: 30만원 | BJ62: 임직원 | BK62: 5회/년 | BL62: 가입 | BM62: 미가입 | BN62: 브랜드보증 외 사용자 부담 | BO62: 브랜드보증 외 사용자 부담 | BP62: HANKOOK 앞/뒤165 60R14 79H | BR62: =IF(P62<=1600,P62*18,IF(P62<=2500,P62*19,IF(P62>2500,P62*24,20000))) -> 17964 | BS62: 현금 | BX62: =BW62*BV62 -> 0 | BY62: =BX62-BU62 -> 0 | BZ62: 0 | CB62: 10 | CC62: 10 | CD62: 360000 | CE62: =T62*12 -> 60 | CF62: =CE62*CD62 -> 21600000 | CI62: 2506900 | CJ62: 0.021 | CK62: 0.06 | CL62: nahanbin@gmail.com | CN62: 010-3268-1266 | CO62: 0.03 | CQ62: 0 | CR62: 0 | CS62: 0 | CT62: 0 | CU62: 0 | CV62: 0 | CW62: 0 | CX62: 0 | CY62: 0 | CZ62: 0 | DA62: 0 | DB62: =IF(DC62="정수원 실장","기아", IF(DC62="박현식 부장", "현대", IF(DC62="김성진 팀장", "한성", IF(DC62="전석영 부장", "한성", IF(DC62= "박봉호 부장", "모토원",IF(DC62="정원철 부장", "한성")))))) -> 기아 | DC62: 정수원 실장 | DD62: =IF(DC62="정수원 실장","렌트베네핏", IF(DC62="박현식 부장", "렌트베네핏", IF(DC62="김성진 팀장", "청담", IF(DC62="전석영 부장", "방배", IF(DC62= "박봉호 부장", "일산",IF(DC106="정원철 부장", "청담")))))) -> 렌트베네핏 | DH62: 205-81-26415 | DI62: 주소 없음 | DJ62: 0.3 | DK62: 0.2
A63: 61 | B63: Ray-027 | C63: 장기렌트 | D63: 신흥정보통신㈜_23 | E63: 이종희 이사님 | F63: 010-3214-0636 | G63: Ray Van | H63: 스탠다드 A/T | I63: 12750000 | J63: 2022 | K63: White/Black | L63: 가솔린 | M63: KNACF911BNT284872 | N63: 101호2190 | O63: - | P63: 998 | Q63: 44503 | R63: 44596 | S63: 44603 | T63: 5 | U63: =IFERROR(S63+AC63, "-") -> 46428 | V63: =IFERROR(DATEDIF(TODAY(), U63, "m"), "-") -> 6 | W63: 20000 | X63: 김석기 | Y63: 010-9582-0977 | Z63: 청주 | AA63: 충청북도 청주시 서원구 1순환로1063번길 12 (분평동, KT) KT남청주지점 1층 신흥정보통신 | AB63: 44625 | AC63: =365*T63 -> 1825 | AD63: =U63-TODAY() -> 202 | AE63: =VLOOKUP($B63, [1]렌트_계약서번호!$B$3:$E$501, 4, FALSE) -> 22020007 | AF63: 13209603 | AG63: 200000 | AH63: 12688000 | AI63: 0 | AJ63: 2000 | AK63: 461380 | AL63: 0 | AM63: 2000 | AN63: 27000 | AO63: 30000 | AP63: 430000 | AQ63: 0 | AR63: 엠피온 | AS63: 0 | AT63: 루마 전면 없음/측후면 15% | AV63: =SUM(AI63,AJ63,AM63,AN63,AO63, AQ63,AS63+AK63+AL63) -> 522380 | AW63: 렌터카 공제 | AX63: 44503 | AY63: 1153090 | AZ63: =1035460 -> 1035460 | BD63: 만26세 | BE63: 무한대 | BF63: 2억원 | BG63: 1억원/1500만 | BH63: 2억원/1인당 | BI63: 30만원 | BJ63: 임직원 | BK63: 5회/년 | BL63: 가입 | BM63: 미가입 | BN63: 브랜드보증 외 사용자 부담 | BO63: 브랜드보증 외 사용자 부담 | BP63: HANKOOK 앞/뒤165 60R14 79H | BR63: =IF(P63<=1600,P63*18,IF(P63<=2500,P63*19,IF(P63>2500,P63*24,20000))) -> 17964 | BS63: 현금 | BX63: =BW63*BV63 -> 0 | BY63: =BX63-BU63 -> 0 | BZ63: 0 | CB63: 5 | CC63: 5 | CD63: 330900 | CE63: =T63*12 -> 60 | CF63: =CE63*CD63 -> 19854000 | CI63: 2506900 | CJ63: -0.012 | CK63: 0.04 | CL63: jhlee@shtel.co.kr | CO63: 0.03 | CQ63: 0 | CR63: 0 | CS63: 0 | CT63: 0 | CU63: 0 | CV63: 0 | CW63: 0 | CX63: 0 | CY63: 0 | CZ63: 0 | DA63: 0 | DB63: =IF(DC63="정수원 실장","기아", IF(DC63="박현식 부장", "현대", IF(DC63="김성진 팀장", "한성", IF(DC63="전석영 부장", "한성", IF(DC63= "박봉호 부장", "모토원",IF(DC63="정원철 부장", "한성")))))) -> 기아 | DC63: 정수원 실장 | DD63: =IF(DC63="정수원 실장","렌트베네핏", IF(DC63="박현식 부장", "렌트베네핏", IF(DC63="김성진 팀장", "청담", IF(DC63="전석영 부장", "방배", IF(DC63= "박봉호 부장", "일산",IF(DC107="정원철 부장", "청담")))))) -> 렌트베네핏 | DH63: 206-85-09469 | DI63: 주소 없음 | DJ63: 0.3 | DK63: 0.2
A64: 62 | B64: Benz-001_1 | C64: 계약변경 | D64: ㈜한촌 | E64: 정보연 대표님 | F64: 010-5473-5572 | G64: S500 | H64: 4M L | I64: 193600000 | J64: 2021 | K64: High-tech Silver/bl | L64: 가솔린 | M64: W1K6G6DB5NA071724 | N64: 101하7215 | O64: - | P64: 2999 | Q64: 44503 | R64: 44607 | S64: 44610 | T64: 5 | U64: =IFERROR(S64+AC64, "-") -> 46435 | V64: =IFERROR(DATEDIF(TODAY(), U64, "m"), "-") -> 6 | W64: 20000 | X64: 김경민 팀장님 | Y64: 010-3582-6929 | AA64: 한촌설렁탕 부천점 경기 부천시 경인로 92 | AB64: 44617 | AC64: =365*T64 -> 1825 | AD64: =U64-TODAY() -> 209 | AE64: =VLOOKUP($B64, [1]렌트_계약서번호!$B$3:$E$501, 4, FALSE) -> #N/A | AF64: 186816000 | AG64: =AF64-AH64 -> 0 | AH64: 186816000 | AI64: 0 | AJ64: 0 | AK64: 6793300 | AL64: 548437 | AM64: 5000 | AN64: 21500 | AO64: 30000 | AP64: 0 | AQ64: 0 | AR64: 벤츠블랙박스 | AS64: 240000 | AT64: 후푸옵틱 측후면 15% 전면 50% | AU64: =7398237 -> 7398237 | AV64: =SUM(AI64,AJ64,AM64,AN64,AO64, AQ64,AS64+AK64+AL64) -> 7638237 | AW64: 삼성화재 | AX64: 44503 | AY64: =6911210-1172880 -> 5738330 | AZ64: =1142540 -> 1142540 | BD64: 만26세 | BE64: 무한대 | BF64: 5억 | BG64: 2억/3천만 | BH64: 2억원/1인당 | BI64: 50만원 | BJ64: 임직원 | BK64: 5회/년 | BL64: 가입 | BM64: 미가입 | BN64: 브랜드보증 외 사용자 부담 | BO64: 브랜드보증 외 사용자 부담 | BR64: =IF(P64<=1600,P64*18,IF(P64<=2500,P64*19,IF(P64>2500,P64*24,20000))) -> 71976 | BS64: 현금 | BZ64: 0 | CB64: 25 | CC64: 25 | CD64: 3383160 | CE64: =T64*12 -> 60 | CF64: =CE64*CD64 -> 202989600 | CG64: 54494000 | CI64: 54494000 | CJ64: 0.003 | CK64: 0.06 | CL64: kkm0410@hanchon.kr | CO64: 0.03 | CQ64: 0 | CR64: 0 | CS64: 0 | CT64: 0 | CU64: 0 | CV64: 0 | CW64: 0 | CX64: 0 | CY64: 0 | CZ64: 0 | DA64: 0 | DB64: =IF(DC64="정수원 실장","기아", IF(DC64="박현식 부장", "현대", IF(DC64="김성진 팀장", "한성", IF(DC64="전석영 부장", "한성", IF(DC64= "박봉호 부장", "모토원",IF(DC64="정원철 부장", "한성")))))) -> 한성 | DC64: 김성진 팀장 | DD64: =IF(DC64="정수원 실장","렌트베네핏", IF(DC64="박현식 부장", "렌트베네핏", IF(DC64="김성진 팀장", "청담", IF(DC64="전석영 부장", "방배", IF(DC64= "박봉호 부장", "일산",IF(DC108="정원철 부장", "청담")))))) -> 청담 | DH64: 130-18-56421 | DI64: 주소 없음 | DJ64: 0.3 | DK64: 0.2
A65: 63 | B65: Ray-038 | C65: 장기렌트 | D65: 신흥정보통신㈜_27 | E65: 이종희 이사님 | F65: 010-3214-0636 | G65: Ray Van | H65: 스탠다드 A/T | I65: 12750000 | J65: 2022 | K65: White/Black | L65: 가솔린 | M65: KNACF911BNT284069 | N65: 125호3201 | O65: - | P65: 998 | Q65: 44503 | R65: 44596 | S65: 44622 | T65: 5 | U65: =IFERROR(S65+AC65, "-") -> 46447 | V65: =IFERROR(DATEDIF(TODAY(), U65, "m"), "-") -> 7 | W65: 20000 | X65: 이성호 | Y65: 010-5647-3311 | Z65: 고덕 | AA65: 서울특별시 강동구 천중로 213 2층 신흥정보통신 | AB65: 44625 | AC65: =365*T65 -> 1825 | AD65: =U65-TODAY() -> 221 | AE65: =VLOOKUP($B65, [1]렌트_계약서번호!$B$3:$E$501, 4, FALSE) -> 22020009 | AF65: 13209603 | AG65: 200000 | AH65: 12688000 | AI65: 0 | AJ65: 2000 | AK65: 461380 | AL65: 0 | AM65: 2000 | AN65: 27000 | AO65: 30000 | AP65: 430000 | AQ65: 0 | AR65: 엠피온 | AS65: 0 | AT65: 루마 전면 없음/측후면 15% | AV65: =SUM(AI65,AJ65,AM65,AN65,AO65, AQ65,AS65+AK65+AL65) -> 522380 | AW65: 렌터카 공제 | AX65: 44503 | AY65: 1153090 | AZ65: =1035460 -> 1035460 | BD65: 만26세 | BE65: 무한대 | BF65: 2억원 | BG65: 1억원/1500만 | BH65: 2억원/1인당 | BI65: 30만원 | BJ65: 임직원 | BK65: 5회/년 | BL65: 가입 | BM65: 미가입 | BN65: 브랜드보증 외 사용자 부담 | BO65: 브랜드보증 외 사용자 부담 | BP65: HANKOOK 앞/뒤165 60R14 79H | BR65: =IF(P65<=1600,P65*18,IF(P65<=2500,P65*19,IF(P65>2500,P65*24,20000))) -> 17964 | BS65: 현금 | BX65: =BW65*BV65 -> 0 | BY65: =BX65-BU65 -> 0 | BZ65: 0 | CB65: 5 | CC65: 5 | CD65: 330900 | CE65: =T65*12 -> 60 | CF65: =CE65*CD65 -> 19854000 | CI65: 2506900 | CJ65: -0.012 | CK65: 0.04 | CL65: jhlee@shtel.co.kr | CO65: 0.03 | CQ65: 0 | CR65: 0 | CS65: 0 | CT65: 0 | CU65: 0 | CV65: 0 | CW65: 0 | CX65: 0 | CY65: 0 | CZ65: 0 | DA65: 0 | DB65: =IF(DC65="정수원 실장","기아", IF(DC65="박현식 부장", "현대", IF(DC65="김성진 팀장", "한성", IF(DC65="전석영 부장", "한성", IF(DC65= "박봉호 부장", "모토원",IF(DC65="정원철 부장", "한성")))))) -> 기아 | DC65: 정수원 실장 | DD65: =IF(DC65="정수원 실장","렌트베네핏", IF(DC65="박현식 부장", "렌트베네핏", IF(DC65="김성진 팀장", "청담", IF(DC65="전석영 부장", "방배", IF(DC65= "박봉호 부장", "일산",IF(DC109="정원철 부장", "청담")))))) -> 렌트베네핏 | DH65: 206-85-09469 | DI65: 주소 없음 | DJ65: 0.3 | DK65: 0.2
A66: 64 | B66: Ray-047 | C66: 장기렌트 | D66: 신흥정보통신㈜_31 | E66: 이종희 이사님 | F66: 010-3214-0636 | G66: Ray Van | H66: 스탠다드 A/T | I66: 12750000 | J66: 2022 | K66: White/Black | L66: 가솔린 | M66: KNACF911BNT284925 | N66: 125호3210 | O66: - | P66: 998 | Q66: 44503 | R66: 44596 | S66: 44622 | T66: 5 | U66: =IFERROR(S66+AC66, "-") -> 46447 | V66: =IFERROR(DATEDIF(TODAY(), U66, "m"), "-") -> 7 | W66: 20000 | X66: 임현숙 최진 | Y66: 010-6724-1052 010-4304-3003 | Z66: 강서 | AA66: 서울특별시 강서구 강서로5길 64 (화곡동) KT강서지사 3층 신흥정보통신 | AB66: 44625 | AC66: =365*T66 -> 1825 | AD66: =U66-TODAY() -> 221 | AE66: =VLOOKUP($B66, [1]렌트_계약서번호!$B$3:$E$501, 4, FALSE) -> 22020014 | AF66: 13209603 | AG66: 200000 | AH66: 12688000 | AI66: 0 | AJ66: 2000 | AK66: 461380 | AL66: 0 | AM66: 2000 | AN66: 27000 | AO66: 30000 | AP66: 430000 | AQ66: 0 | AR66: 엠피온 | AS66: 0 | AT66: 루마 전면 없음/측후면 15% | AV66: =SUM(AI66,AJ66,AM66,AN66,AO66, AQ66,AS66+AK66+AL66) -> 522380 | AW66: 렌터카 공제 | AX66: 44503 | AY66: 1153090 | AZ66: =1035460 -> 1035460 | BD66: 만26세 | BE66: 무한대 | BF66: 2억원 | BG66: 1억원/1500만 | BH66: 2억원/1인당 | BI66: 30만원 | BJ66: 임직원 | BK66: 5회/년 | BL66: 가입 | BM66: 미가입 | BN66: 브랜드보증 외 사용자 부담 | BO66: 브랜드보증 외 사용자 부담 | BP66: HANKOOK 앞/뒤165 60R14 79H | BR66: =IF(P66<=1600,P66*18,IF(P66<=2500,P66*19,IF(P66>2500,P66*24,20000))) -> 17964 | BS66: 현금 | BX66: =BW66*BV66 -> 0 | BY66: =BX66-BU66 -> 0 | BZ66: 0 | CB66: 5 | CC66: 5 | CD66: 330900 | CE66: =T66*12 -> 60 | CF66: =CE66*CD66 -> 19854000 | CI66: 2506900 | CJ66: -0.012 | CK66: 0.04 | CL66: jhlee@shtel.co.kr | CO66: 0.03 | CQ66: 0 | CR66: 0 | CS66: 0 | CT66: 0 | CU66: 0 | CV66: 0 | CW66: 0 | CX66: 0 | CY66: 0 | CZ66: 0 | DA66: 0 | DB66: =IF(DC66="정수원 실장","기아", IF(DC66="박현식 부장", "현대", IF(DC66="김성진 팀장", "한성", IF(DC66="전석영 부장", "한성", IF(DC66= "박봉호 부장", "모토원",IF(DC66="정원철 부장", "한성")))))) -> 기아 | DC66: 정수원 실장 | DD66: =IF(DC66="정수원 실장","렌트베네핏", IF(DC66="박현식 부장", "렌트베네핏", IF(DC66="김성진 팀장", "청담", IF(DC66="전석영 부장", "방배", IF(DC66= "박봉호 부장", "일산",IF(DC110="정원철 부장", "청담")))))) -> 렌트베네핏 | DH66: 206-85-09469 | DI66: 주소 없음 | DJ66: 0.3 | DK66: 0.2
A67: 65 | B67: Benz-010 | C67: 장기렌트 | D67: 홍현창 고객님 | E67: 홍기표 고객님 | F67: 010-8986-8554 | G67: S580 | H67: 4Matic L | I67: 229320000 | J67: 2022 | K67: Ob/Bl | L67: 가솔린 | M67: W1K6G7GB8NA111215 | N67: 101하7231 | O67: - | P67: 3982 | Q67: 44623 | R67: 44620 | S67: 44628 | T67: 5 | U67: =IFERROR(S67+AC67, "-") -> 46453 | V67: =IFERROR(DATEDIF(TODAY(), U67, "m"), "-") -> 7 | W67: 20000 | X67: 홍기표 고객님 | Y67: 010-8986-8554 | AA67: 경기도 성남시 분당구 성남대로 449 로얄팰리스 D동 2801호 | AB67: 44645 | AC67: =365*T67 -> 1825 | AD67: =U67-TODAY() -> 227 | AE67: =VLOOKUP($B67, [1]렌트_계약서번호!$B$3:$E$501, 4, FALSE) -> 22020016 | AF67: 220147200 | AG67: =AF67*4% -> 8805888 | AH67: =AF67-AG67 -> 211341312 | AK67: 8005350 | AL67: 716058 | AM67: 5000 | AN67: 21500 | AO67: 30000 | AP67: 0 | AR67: 벤츠블랙박스 | AS67: 240000 | AT67: 후푸옵틱 측후면 15% 전면 50% | AU67: =8777908 -> 8777908 | AV67: =SUM(AI67,AJ67,AM67,AN67,AO67, AQ67,AS67+AK67+AL67) -> 9017908 | AW67: 삼성화재 | AX67: 44628 | AY67: =8205580-1172880 -> 7032700 | AZ67: =1160880 -> 1160880 | BD67: 만26세 | BE67: 무한대 | BF67: 5억 | BG67: 2억/3천만 | BH67: 2억원/1인당 | BI67: 50만원 | BJ67: 임직원 | BK67: 5회/년 | BL67: 가입 | BM67: 미가입 | BN67: 브랜드보증 외 사용자 부담 | BO67: 브랜드보증 외 사용자 부담 | BR67: =IF(P67<=1600,P67*18,IF(P67<=2500,P67*19,IF(P67>2500,P67*24,20000))) -> 95568 | BS67: 현금 | BZ67: 0 | CB67: 25 | CC67: 25 | CD67: 1828200 | CE67: =T67*12 -> 60 | CF67: =CE67*CD67 -> 109692000 | CG67: 84848400 | CH67: 98607600 | CI67: 84848400 | CJ67: 0.032 | CK67: 0.06 | CL67: hongkp.88@hanmail.net | CO67: 0.03 | CQ67: 0 | CR67: 0 | CS67: 0 | CT67: 0 | CU67: 0 | CV67: 0 | CW67: 0 | CX67: 0 | CY67: 0 | CZ67: 0 | DA67: 0 | DB67: =IF(DC67="정수원 실장","기아", IF(DC67="박현식 부장", "현대", IF(DC67="김성진 팀장", "한성", IF(DC67="전석영 부장", "한성", IF(DC67= "박봉호 부장", "모토원",IF(DC67="정원철 부장", "한성")))))) -> 한성 | DC67: 김성진 팀장 | DD67: =IF(DC67="정수원 실장","렌트베네핏", IF(DC67="박현식 부장", "렌트베네핏", IF(DC67="김성진 팀장", "청담", IF(DC67="전석영 부장", "방배", IF(DC67= "박봉호 부장", "일산",IF(DC111="정원철 부장", "청담")))))) -> 청담 | DH67: 692-47-00065 | DI67: 경기도 성남시 분당구 성남대로 449 로얄팰리스 D동 2801호 | DJ67: 0.3 | DK67: 0.2
A68: 66 | B68: K8-001 | C68: 장기렌트 | D68: ㈜엘리프 | E68: 김종천 회장님 | F68: 010-5275-9304 | G68: K8 | H68: 노블레스 2.5 | I68: 38450000 | J68: 2022 | K68: 그래비티 블루/브라운 | L68: 가솔린 | M68: KNAM241BBNA029201 | N68: 101하5038 | O68: - | P68: 2497 | Q68: 44642 | R68: 44575 | S68: 44645 | T68: 5 | U68: =IFERROR(S68+AC68, "-") -> 46470 | V68: =IFERROR(DATEDIF(TODAY(), U68, "m"), "-") -> 8 | W68: 50000 | X68: 김미라 고객님 | Y68: 010-4669-0893 | AA68: 경기도 광주시 도척면 도처로 604 34 | AB68: 44666 | AC68: =365*T68 -> 1825 | AD68: =U68-TODAY() -> 244 | AE68: =VLOOKUP($B68, [1]렌트_계약서번호!$B$3:$E$501, 4, FALSE) -> 22010004 | AF68: 36037286 | AG68: 1538000 | AH68: =AF68-AG68 -> 34499286 | AK68: 1310370 | AL68: 123060 | AM68: 2000 | AN68: 4500 | AO68: 50000 | AP68: 1148000 | AQ68: 132000 | AR68: 엠피온 S1000 | AS68: 198000 | AT68: 버택스 전면 35% 측후면 15% | AU68: =1530430 -> 1530430 | AV68: =SUM(AI68,AJ68,AM68,AN68,AO68, AQ68,AS68+AK68+AL68) -> 1819930 | AW68: 렌터카 공제 | AX68: 44642 | AY68: =2222740-693000 -> 1529740 | BD68: 만26세 | BE68: 무한대 | BF68: 2억원 | BG68: 1억원/1500만 | BH68: 2억원/1인당 | BI68: 30만원 | BJ68: 임직원 | BK68: 5회/년 | BL68: 가입 | BM68: 가입 | BN68: 가입 | BO68: 매년 = 4본 교체 | BP68: NEXEN 225/55R17 | BR68: =IF(P68<=1600,P68*18,IF(P68<=2500,P68*19,IF(P68>2500,P68*24,20000))) -> 47443 | BS68: 현금 | BZ68: 0 | CB68: 15 | CC68: 15 | CD68: 830000 | CE68: =T68*12 -> 60 | CF68: =CE68*CD68 -> 49800000 | CG68: 7690000 | CH68: 0 | CI68: 10112350 | CJ68: 0 | CK68: 0.06 | CL68: jc708@hanmail.net | CO68: 0.03 | CQ68: 코일매트 | CR68: 34100 | CS68: 0 | CT68: 0 | CU68: 0 | CV68: 0 | CW68: 0 | CX68: 0 | CY68: 0 | CZ68: 0 | DA68: 214100 | DB68: =IF(DC68="정수원 실장","기아", IF(DC68="박현식 부장", "현대", IF(DC68="김성진 팀장", "한성", IF(DC68="전석영 부장", "한성", IF(DC68= "박봉호 부장", "모토원",IF(DC68="정원철 부장", "한성")))))) -> 기아 | DC68: 정수원 실장 | DD68: =IF(DC68="정수원 실장","렌트베네핏", IF(DC68="박현식 부장", "렌트베네핏", IF(DC68="김성진 팀장", "청담", IF(DC68="전석영 부장", "방배", IF(DC68= "박봉호 부장", "일산",IF(DC112="정원철 부장", "청담")))))) -> 렌트베네핏 | DF68: 우리은행 | DG68: 1005-981-825825 | DH68: 126-86-59239 | DI68: 경기도 광주시 도척면 도척로 694-34 | DJ68: 0.3 | DK68: 0.2
A69: 67 | B69: K9-001_1 | C69: 계약변경 | D69: 신흥정보통신㈜ | E69: 장혜원 대표님 | F69: 010-8182-6737 | G69: K9 | H69: 마스터즈 베스트 셀렉션 Ⅱ | I69: 87000000 | J69: 2022 | K69: 애스코트그린 / 새들 브라운 인테리어 | L69: 가솔린 | M69: KNAS5416DNS041280 | N69: 101하5040 | O69: - | P69: 3342 | Q69: 44652 | R69: 44649 | S69: 44652 | T69: 4 | U69: =IFERROR(S69+AC69, "-") -> 46112 | V69: =IFERROR(DATEDIF(TODAY(), U69, "m"), "-") -> - | W69: 20000 | X69: 이태우 이사님 | Y69: 010-8182-6737 | AA69: 송파구 법원로 11길 28 BK타워 | AB69: 44676 | AC69: =365*T69 -> 1460 | AD69: =U69-TODAY() -> -114 | AE69: =VLOOKUP($B69, [1]렌트_계약서번호!$B$3:$E$501, 4, FALSE) -> #N/A | AF69: 81586141 | AG69: 5509859 | AH69: =AF69-AG69 -> 76076282 | AI69: 94000 | AJ69: 2000 | AK69: 2966690 | AL69: 311500 | AM69: 2000 | AN69: 47000 | AO69: 50000 | AP69: 2235000 | AQ69: 132000 | AR69: 엠피온 S1000 | AS69: 220000 | AT69: 후푸옵틱 측후면 15% 전면 50% | AU69: =3381140 -> 3381140 | AV69: =SUM(AI69,AJ69,AM69,AN69,AO69, AQ69,AS69+AK69+AL69) -> 3825190 | AW69: 렌터카 공제 | AX69: 44652 | AY69: =3716280-1705650 -> 2010630 | BD69: 만26세 | BE69: 무한대 | BF69: 5억 | BG69: 2억/3천만 | BH69: 2억원/1인당 | BI69: 50만원 | BJ69: 가족한정/누구나 | BK69: 5회/년 | BL69: 가입 | BM69: 가입 | BN69: 가입 | BO69: 가입 | BP69: 콘티낸탈 앞245/45 R19 / 뒤275/40 R19 | BR69: =IF(P69<=1600,P69*18,IF(P69<=2500,P69*19,IF(P69>2500,P69*24,20000))) -> 80208 | BS69: 현금 | BZ69: 0 | CB69: 25 | CC69: 25 | CD69: 1690000 | CE69: =T69*12 -> 48 | CF69: =CE69*CD69 -> 81120000 | CG69: 0 | CH69: 0 | CI69: 39000000 | CJ69: 0 | CK69: 0.06 | CL69: shtel124@shtel.co.kr | CO69: 0.03 | CQ69: 0 | CR69: 0 | CS69: 0 | CT69: 0 | CU69: 0 | CV69: 0 | CW69: 0 | CX69: 0 | CY69: 0 | CZ69: 0 | DA69: 220000 | DB69: =IF(DC69="정수원 실장","기아", IF(DC69="박현식 부장", "현대", IF(DC69="김성진 팀장", "한성", IF(DC69="전석영 부장", "한성", IF(DC69= "박봉호 부장", "모토원",IF(DC69="정원철 부장", "한성")))))) -> 기아 | DC69: 정수원 실장 | DD69: =IF(DC69="정수원 실장","렌트베네핏", IF(DC69="박현식 부장", "렌트베네핏", IF(DC69="김성진 팀장", "청담", IF(DC69="전석영 부장", "방배", IF(DC69= "박봉호 부장", "일산",IF(DC113="정원철 부장", "청담")))))) -> 렌트베네핏 | DH69: 206-85-09469 | DI69: 주소 없음 | DJ69: 0.3 | DK69: 0.2
A70: 68 | B70: Benz-013 | C70: 장기렌트 | D70: 송혁진 대표님 | E70: 송혁진 대표님 | F70: 010-8717-4428 | G70: G63 | H70: Edition | I70: 245600000 | J70: 2021 | K70: PW/Bl | L70: 가솔린 | M70: W1NYC7GJ8MX425781 | N70: 101하7236 | O70: - | P70: 3982 | Q70: 44655 | R70: 44655 | S70: 45751 | T70: 2 | U70: =IFERROR(S70+AC70, "-") -> 46481 | V70: =IFERROR(DATEDIF(TODAY(), U70, "m"), "-") -> 8 | W70: 20000 | X70: 송혁진 대표님 | Y70: 010-8717-4428 | AA70: 서울특별시 성동구 독서당로 40길 37 어울림더리버아파트 102동 802호 | AB70: 45772 | AC70: =365*T70 -> 730 | AD70: =U70-TODAY() -> 255 | AE70: =VLOOKUP($B70, [1]렌트_계약서번호!$B$3:$E$501, 4, FALSE) -> 22040014 | AF70: 245600000 | AH70: =AF70-AG70 -> 245600000 | AJ70: 2000 | AK70: 8930900 | AL70: 656053 | AM70: 5000 | AN70: 21500 | AO70: 30000 | AP70: 0 | AR70: 벤츠블랙박스 | AT70: 후푸옵틱 측후면 15% 전면 50% | AU70: =9643453 -> 9643453 | AV70: =SUM(AI70,AJ70,AM70,AN70,AO70, AQ70,AS70+AK70+AL70) -> 9645453 | AW70: 삼성화재 | AX70: 44655 | AY70: =8766060-5296620 -> 3469440 | BD70: 만26세 | BE70: 무한대 | BF70: 5억 | BG70: 2억/3천만 | BH70: 2억원/1인당 | BI70: 50만원 | BJ70: 누구나 | BK70: 5회/년 | BL70: 가입 | BM70: 미가입 | BN70: 브랜드보증 외 사용자 부담 | BO70: 브랜드보증 외 사용자 부담 | BP70: Pirelli 앞,뒤 295/40 R22 | BR70: =IF(P70<=1600,P70*18,IF(P70<=2500,P70*19,IF(P70>2500,P70*24,20000))) -> 95568 | BS70: 현금 | BZ70: 0 | CB70: 25 | CC70: 25 | CD70: 469000 | CE70: =T70*12 -> 24 | CF70: =CE70*CD70 -> 11256000 | CG70: 90872000 | CH70: 0 | CI70: 90872000 | CJ70: 0.026 | CK70: 0.06 | CL70: hjsong@premierpartners.co.kr | CO70: 0.03 | CQ70: 0 | CR70: 0 | CS70: 0 | CT70: 0 | CU70: 0 | CV70: 0 | CW70: 0 | CX70: 0 | CY70: 0 | CZ70: 0 | DA70: 0 | DB70: =IF(DC70="정수원 실장","기아", IF(DC70="박현식 부장", "현대", IF(DC70="김성진 팀장", "한성", IF(DC70="전석영 부장", "한성", IF(DC70= "박봉호 부장", "모토원",IF(DC70="정원철 부장", "한성")))))) -> 한성 | DC70: 전석영 부장 | DD70: =IF(DC70="정수원 실장","렌트베네핏", IF(DC70="박현식 부장", "렌트베네핏", IF(DC70="김성진 팀장", "청담", IF(DC70="전석영 부장", "방배", IF(DC70= "박봉호 부장", "일산",IF(DC114="정원철 부장", "청담")))))) -> 방배 | DF70: 하나은행 | DG70: 326-890065-65607 | DH70: 680215-1470612 | DI70: 주소 없음 | DJ70: 0.3 | DK70: 0.2
A71: 69 | B71: Ray-023 | C71: 장기렌트 | D71: 신흥정보통신㈜_21 | E71: 이종희 이사님 | F71: 010-3214-0636 | G71: Ray Van | H71: 스탠다드 A/T | I71: 12750000 | J71: 2022 | K71: White/Black | L71: 가솔린 | M71: KNACF911BNT283759 | N71: 101호2186 | O71: - | P71: 998 | Q71: 44503 | R71: 44666 | S71: 44669 | T71: 5 | U71: =IFERROR(S71+AC71, "-") -> 46494 | V71: =IFERROR(DATEDIF(TODAY(), U71, "m"), "-") -> 8 | W71: 20000 | X71: 이성호 | Y71: 010-5647-3311 | Z71: 고덕 | AA71: 서울특별시 강동구 천중로 213 2층 신흥정보통신 | AB71: 44686 | AC71: =365*T71 -> 1825 | AD71: =U71-TODAY() -> 268 | AE71: =VLOOKUP($B71, [1]렌트_계약서번호!$B$3:$E$501, 4, FALSE) -> 22040015 | AF71: 13209603 | AG71: 200000 | AH71: 12681000 | AI71: 0 | AJ71: 2000 | AK71: 461120 | AL71: 0 | AM71: 2000 | AN71: 27000 | AO71: 30000 | AP71: 430000 | AQ71: 0 | AR71: 엠피온 | AS71: 0 | AT71: 루마 전면 없음/측후면 15% | AV71: =SUM(AI71,AJ71,AM71,AN71,AO71, AQ71,AS71+AK71+AL71) -> 522120 | AW71: 렌터카 공제 | AX71: 44503 | AY71: 1153090 | AZ71: =1035460 -> 1035460 | BD71: 만26세 | BE71: 무한대 | BF71: 2억원 | BG71: 1억원/1500만 | BH71: 2억원/1인당 | BI71: 30만원 | BJ71: 임직원 | BK71: 5회/년 | BL71: 가입 | BM71: 미가입 | BN71: 브랜드보증 외 사용자 부담 | BO71: 브랜드보증 외 사용자 부담 | BP71: HANKOOK 앞/뒤165 60R14 79H | BR71: =IF(P71<=1600,P71*18,IF(P71<=2500,P71*19,IF(P71>2500,P71*24,20000))) -> 17964 | BS71: 현금 | BX71: =BW71*BV71 -> 0 | BY71: =BX71-BU71 -> 0 | BZ71: 0 | CB71: 5 | CC71: 5 | CD71: 330900 | CE71: =T71*12 -> 60 | CF71: =CE71*CD71 -> 19854000 | CI71: 2506900 | CJ71: -0.012 | CK71: 0.04 | CL71: jhlee@shtel.co.kr | CO71: 0.03 | CQ71: 0 | CR71: 0 | CS71: 0 | CT71: 0 | CU71: 0 | CV71: 0 | CW71: 0 | CX71: 0 | CY71: 0 | CZ71: 0 | DA71: 0 | DB71: =IF(DC71="정수원 실장","기아", IF(DC71="박현식 부장", "현대", IF(DC71="김성진 팀장", "한성", IF(DC71="전석영 부장", "한성", IF(DC71= "박봉호 부장", "모토원",IF(DC71="정원철 부장", "한성")))))) -> 기아 | DC71: 정수원 실장 | DD71: =IF(DC71="정수원 실장","렌트베네핏", IF(DC71="박현식 부장", "렌트베네핏", IF(DC71="김성진 팀장", "청담", IF(DC71="전석영 부장", "방배", IF(DC71= "박봉호 부장", "일산",IF(DC115="정원철 부장", "청담")))))) -> 렌트베네핏 | DH71: 206-85-09469 | DI71: 주소 없음 | DJ71: 0.3 | DK71: 0.2
A72: 70 | B72: Ray-031 | C72: 장기렌트 | D72: 신흥정보통신㈜_24 | E72: 이종희 이사님 | F72: 010-3214-0636 | G72: Ray Van | H72: 스탠다드 A/T | I72: 12750000 | J72: 2022 | K72: White/Black | L72: 가솔린 | M72: KNACF911BNT283787 | N72: 101호2194 | O72: - | P72: 998 | Q72: 44503 | R72: 44666 | S72: 44669 | T72: 5 | U72: =IFERROR(S72+AC72, "-") -> 46494 | V72: =IFERROR(DATEDIF(TODAY(), U72, "m"), "-") -> 8 | W72: 20000 | X72: 이성호 | Y72: 010-5647-3311 | Z72: 고덕 | AA72: 서울특별시 강동구 천중로 213 2층 신흥정보통신 | AB72: 44686 | AC72: =365*T72 -> 1825 | AD72: =U72-TODAY() -> 268 | AE72: =VLOOKUP($B72, [1]렌트_계약서번호!$B$3:$E$501, 4, FALSE) -> 22040017 | AF72: 13209603 | AG72: 200000 | AH72: 12688000 | AI72: 0 | AJ72: 2000 | AK72: 461380 | AL72: 0 | AM72: 2000 | AN72: 27000 | AO72: 30000 | AP72: 430000 | AQ72: 0 | AR72: 엠피온 | AS72: 0 | AT72: 루마 전면 없음/측후면 15% | AV72: =SUM(AI72,AJ72,AM72,AN72,AO72, AQ72,AS72+AK72+AL72) -> 522380 | AW72: 렌터카 공제 | AX72: 44503 | AY72: 1153090 | AZ72: =1042640 -> 1042640 | BD72: 만26세 | BE72: 무한대 | BF72: 2억원 | BG72: 1억원/1500만 | BH72: 2억원/1인당 | BI72: 30만원 | BJ72: 임직원 | BK72: 5회/년 | BL72: 가입 | BM72: 미가입 | BN72: 브랜드보증 외 사용자 부담 | BO72: 브랜드보증 외 사용자 부담 | BP72: HANKOOK 앞/뒤165 60R14 79H | BR72: =IF(P72<=1600,P72*18,IF(P72<=2500,P72*19,IF(P72>2500,P72*24,20000))) -> 17964 | BS72: 현금 | BX72: =BW72*BV72 -> 0 | BY72: =BX72-BU72 -> 0 | BZ72: 0 | CB72: 5 | CC72: 5 | CD72: 330900 | CE72: =T72*12 -> 60 | CF72: =CE72*CD72 -> 19854000 | CI72: 2056900 | CJ72: -0.012 | CK72: 0.04 | CL72: jhlee@shtel.co.kr | CO72: 0.03 | CQ72: 0 | CR72: 0 | CS72: 0 | CT72: 0 | CU72: 0 | CV72: 0 | CW72: 0 | CX72: 0 | CY72: 0 | CZ72: 0 | DA72: 0 | DB72: =IF(DC72="정수원 실장","기아", IF(DC72="박현식 부장", "현대", IF(DC72="김성진 팀장", "한성", IF(DC72="전석영 부장", "한성", IF(DC72= "박봉호 부장", "모토원",IF(DC72="정원철 부장", "한성")))))) -> 기아 | DC72: 정수원 실장 | DD72: =IF(DC72="정수원 실장","렌트베네핏", IF(DC72="박현식 부장", "렌트베네핏", IF(DC72="김성진 팀장", "청담", IF(DC72="전석영 부장", "방배", IF(DC72= "박봉호 부장", "일산",IF(DC116="정원철 부장", "청담")))))) -> 렌트베네핏 | DH72: 206-85-09469 | DI72: 주소 없음 | DJ72: 0.3 | DK72: 0.2
A73: 71 | B73: Ray-032 | C73: 장기렌트 | D73: 신흥정보통신㈜_25 | E73: 이종희 이사님 | F73: 010-3214-0636 | G73: Ray Van | H73: 스탠다드 A/T | I73: 12750000 | J73: 2022 | K73: White/Black | L73: 가솔린 | M73: KNACF911BNT283793 | N73: 101호2195 | O73: - | P73: 998 | Q73: 44503 | R73: 44666 | S73: 44669 | T73: 5 | U73: =IFERROR(S73+AC73, "-") -> 46494 | V73: =IFERROR(DATEDIF(TODAY(), U73, "m"), "-") -> 8 | W73: 20000 | X73: 이성호 | Y73: 010-5647-3311 | Z73: 고덕 | AA73: 서울특별시 강동구 천중로 213 2층 신흥정보통신 | AB73: 44686 | AC73: =365*T73 -> 1825 | AD73: =U73-TODAY() -> 268 | AE73: =VLOOKUP($B73, [1]렌트_계약서번호!$B$3:$E$501, 4, FALSE) -> 22040016 | AF73: 13209603 | AG73: 200000 | AH73: 12688000 | AI73: 0 | AJ73: 2000 | AK73: 461380 | AL73: 0 | AM73: 2000 | AN73: 27000 | AO73: 30000 | AP73: 430000 | AQ73: 0 | AR73: 엠피온 | AS73: 0 | AT73: 루마 전면 없음/측후면 15% | AV73: =SUM(AI73,AJ73,AM73,AN73,AO73, AQ73,AS73+AK73+AL73) -> 522380 | AW73: 렌터카 공제 | AX73: 44503 | AY73: 1153090 | AZ73: =1035460 -> 1035460 | BD73: 만26세 | BE73: 무한대 | BF73: 2억원 | BG73: 1억원/1500만 | BH73: 2억원/1인당 | BI73: 30만원 | BJ73: 임직원 | BK73: 5회/년 | BL73: 가입 | BM73: 미가입 | BN73: 브랜드보증 외 사용자 부담 | BO73: 브랜드보증 외 사용자 부담 | BP73: HANKOOK 앞/뒤165 60R14 79H | BR73: =IF(P73<=1600,P73*18,IF(P73<=2500,P73*19,IF(P73>2500,P73*24,20000))) -> 17964 | BS73: 현금 | BX73: =BW73*BV73 -> 0 | BY73: =BX73-BU73 -> 0 | BZ73: 0 | CB73: 5 | CC73: 5 | CD73: 330900 | CE73: =T73*12 -> 60 | CF73: =CE73*CD73 -> 19854000 | CI73: 2506900 | CJ73: -0.012 | CK73: 0.04 | CL73: jhlee@shtel.co.kr | CO73: 0.03 | CQ73: 0 | CR73: 0 | CS73: 0 | CT73: 0 | CU73: 0 | CV73: 0 | CW73: 0 | CX73: 0 | CY73: 0 | CZ73: 0 | DA73: 0 | DB73: =IF(DC73="정수원 실장","기아", IF(DC73="박현식 부장", "현대", IF(DC73="김성진 팀장", "한성", IF(DC73="전석영 부장", "한성", IF(DC73= "박봉호 부장", "모토원",IF(DC73="정원철 부장", "한성")))))) -> 기아 | DC73: 정수원 실장 | DD73: =IF(DC73="정수원 실장","렌트베네핏", IF(DC73="박현식 부장", "렌트베네핏", IF(DC73="김성진 팀장", "청담", IF(DC73="전석영 부장", "방배", IF(DC73= "박봉호 부장", "일산",IF(DC117="정원철 부장", "청담")))))) -> 렌트베네핏 | DH73: 206-85-09469 | DI73: 주소 없음 | DJ73: 0.3 | DK73: 0.2
A74: 72 | B74: Benz-015 | C74: 장기렌트 | D74: 정재용 고객님 | E74: 정재용 고객님 | F74: 010-7228-7777 | G74: E350 | H74: 4Matic AV | I74: 85220000 | J74: 2022 | K74: P.W/Brown | L74: 가솔린 | M74: W1KZF8GB2NB047754 | N74: 125호4340 | O74: - | P74: 1991 | Q74: 44680 | R74: 44673 | S74: 44680 | T74: 5 | U74: =IFERROR(S74+AC74, "-") -> 46505 | V74: =IFERROR(DATEDIF(TODAY(), U74, "m"), "-") -> 9 | W74: 20000 | X74: 정재용 고객님 | Y74: 010-7228-7777 | AA74: 서울시 노원구 마들로5길25 녹천역두산위브 106동 702호 | AB74: 44706 | AC74: =365*T74 -> 1825 | AD74: =U74-TODAY() -> 279 | AE74: =VLOOKUP($B74, [1]렌트_계약서번호!$B$3:$E$501, 4, FALSE) -> 22040023 | AF74: 81811700 | AH74: =AF74-AG74 -> 81811700 | AK74: =AH74/1.1*0.04 -> 2974970.9 | AL74: 210144 | AM74: 5000 | AN74: 21500 | AO74: 30000 | AP74: 0 | AR74: 벤츠블랙박스 | AT74: 후푸옵틱 측후면 15% 전면 50% | AU74: =3378080 -> 3378080 | AV74: =SUM(AI74,AJ74,AM74,AN74,AO74, AQ74,AS74+AK74+AL74) -> 3241614.9 | AW74: 렌터카 공제 | AX74: 44680 | AY74: =3804290-1997580 -> 1806710 | BD74: 만26세 | BE74: 무한대 | BF74: 5억 | BG74: 2억/3천만 | BH74: 2억원/1인당 | BI74: 50만원 | BJ74: 가족한정/누구나 | BK74: 5회/년 | BL74: 가입 | BM74: 미가입 | BN74: 브랜드보증 외 사용자 부담 | BO74: 브랜드보증 외 사용자 부담 | BR74: =IF(P74<=1600,P74*18,IF(P74<=2500,P74*19,IF(P74>2500,P74*24,20000))) -> 37829 | BS74: 현금 | BZ74: 0 | CB74: 25 | CC74: 25 | CD74: 1404000 | CE74: =T74*12 -> 60 | CF74: =CE74*CD74 -> 84240000 | CG74: 20000000 | CI74: 35616000 | CJ74: 0.045 | CK74: 0.06 | CL74: j1027220@naver.com | CM74: michaeljung@kt.com | CO74: 0.03 | CQ74: 0 | CR74: 0 | CS74: 0 | CT74: 0 | CU74: 0 | CV74: 0 | CW74: 0 | CX74: 0 | CY74: 0 | CZ74: 0 | DA74: 0 | DB74: =IF(DC74="정수원 실장","기아", IF(DC74="박현식 부장", "현대", IF(DC74="김성진 팀장", "한성", IF(DC74="전석영 부장", "한성", IF(DC74= "박봉호 부장", "모토원",IF(DC74="정원철 부장", "한성")))))) -> 한성 | DC74: 전석영 부장 | DD74: =IF(DC74="정수원 실장","렌트베네핏", IF(DC74="박현식 부장", "렌트베네핏", IF(DC74="김성진 팀장", "청담", IF(DC74="전석영 부장", "방배", IF(DC74= "박봉호 부장", "일산",IF(DC118="정원철 부장", "청담")))))) -> 방배 | DH74: 650424-1024912 | DI74: 주소 없음 | DJ74: 0.3 | DK74: 0.2
A75: 73 | B75: Benz-016 | C75: 장기렌트 | D75: 포어러너캐피탈파트너스㈜ | E75: 유영석 사장님 | F75: 010-9001-9630 | G75: G63 | H75: - | I75: 217600000 | J75: 2021 | K75: Ob/Bl | L75: 가솔린 | M75: W1NYC7GJ8MX427515 | N75: 125호4342 | O75: - | P75: 3982 | Q75: 44683 | R75: 45401 | S75: 45414 | T75: 3 | U75: =IFERROR(S75+AC75, "-") -> 46509 | V75: =IFERROR(DATEDIF(TODAY(), U75, "m"), "-") -> 9 | W75: 20000 | X75: 최정신 이사님 | Y75: 010-2204-7868 | AA75: 청담전시장 | AB75: 45437 | AC75: =365*T75 -> 1095 | AD75: =U75-TODAY() -> 283 | AE75: =VLOOKUP($B75, [1]렌트_계약서번호!$B$3:$E$501, 4, FALSE) -> 22040024 | AF75: 217600000 | AH75: =AF75-AG75 -> 217600000 | AK75: =AH75/1.1*0.04 -> 7912727.3 | AL75: 411087 | AM75: 5000 | AN75: 21500 | AO75: 30000 | AP75: 0 | AR75: 벤츠블랙박스 | AT75: 후푸옵틱 측후면 15% 전면 50% | AU75: =7582918 -> 7582918 | AV75: =SUM(AI75,AJ75,AM75,AN75,AO75, AQ75,AS75+AK75+AL75) -> 8380314.3 | AW75: 삼성화재 | AX75: 44683 | AY75: =7615480-5054020 -> 2561460 | BD75: 만26세 | BE75: 무한대 | BF75: 5억 | BG75: 2억/3천만 | BH75: 2억원/1인당 | BI75: 50만원 | BJ75: 임직원 | BK75: 5회/년 | BL75: 가입 | BM75: 미가입 | BN75: 브랜드보증 외 사용자 부담 | BO75: 브랜드보증 외 사용자 부담 | BR75: =IF(P75<=1600,P75*18,IF(P75<=2500,P75*19,IF(P75>2500,P75*24,20000))) -> 95568 | BS75: 현금 | BZ75: 0 | CB75: 25 | CC75: 25 | CD75: 3916000 | CE75: =T75*12 -> 36 | CF75: =CE75*CD75 -> 140976000 | CG75: 65280000 | CH75: 0 | CI75: 65280000 | CJ75: 0.02 | CK75: 0.06 | CL75: jungshin.choi@frcpartners.com | CM75: jschoi1219@nate.com | CN75: 010-2204-7868 | CO75: 0.03 | CQ75: 0 | CR75: 0 | CS75: 0 | CT75: 0 | CU75: 0 | CV75: 0 | CW75: 0 | CX75: 0 | CY75: 0 | CZ75: 0 | DA75: 0 | DB75: =IF(DC75="정수원 실장","기아", IF(DC75="박현식 부장", "현대", IF(DC75="김성진 팀장", "한성", IF(DC75="전석영 부장", "한성", IF(DC75= "박봉호 부장", "모토원",IF(DC75="정원철 부장", "한성")))))) -> 한성 | DC75: 김성진 팀장 | DD75: =IF(DC75="정수원 실장","렌트베네핏", IF(DC75="박현식 부장", "렌트베네핏", IF(DC75="김성진 팀장", "청담", IF(DC75="전석영 부장", "방배", IF(DC75= "박봉호 부장", "일산",IF(DC119="정원철 부장", "청담")))))) -> 청담 | DF75: 신한은행 | DG75: 100-023-114288 | DH75: 120-87-15448 | DI75: 서울특별시 강남구 테헤란로 521, 9층(삼성동, 파르나스타워) | DJ75: 0.3 | DK75: 0.2
A76: 74 | B76: Benz-017 | C76: 장기렌트 | D76: 덕신설비 | E76: 김영운 사장님 | F76: 010-9153-6571 | G76: GLE350e | H76: 4Matic | I76: 116320000 | J76: 2022 | K76: P.W/Brown | L76: 가솔린 | M76: W1NFB5EB1NA702527 | N76: 125호5907 | O76: - | P76: 1991 | Q76: 44700 | R76: 44693 | S76: 44701 | T76: 5 | U76: =IFERROR(S76+AC76, "-") -> 46526 | V76: =IFERROR(DATEDIF(TODAY(), U76, "m"), "-") -> 9 | W76: 20000 | X76: 김영운 사장님 | Y76: 010-9153-6571 | AA76: 충청북도 청주시 서원구 청남로1887번길 9, 제E동 1층 2호 | AB76: 44706 | AC76: =365*T76 -> 1825 | AD76: =U76-TODAY() -> 300 | AE76: =VLOOKUP($B76, [1]렌트_계약서번호!$B$3:$E$501, 4, FALSE) -> 22050025 | AF76: 111667200 | AG76: =AF76*4% -> 4466688 | AH76: =AF76-AG76 -> 107200512 | AK76: 4060620 | AL76: 330932 | AM76: 5000 | AN76: 21500 | AO76: 30000 | AP76: 0 | AR76: 벤츠블랙박스 | AT76: 후푸옵틱 측후면 15% 전면 50% | AU76: =4448052 -> 4448052 | AV76: =SUM(AI76,AJ76,AM76,AN76,AO76, AQ76,AS76+AK76+AL76) -> 4448052 | AW76: 렌터카 공제 | AX76: 44699 | AY76: =4715540-2794740 -> 1920800 | BD76: 만26세 | BE76: 무한대 | BF76: 5억 | BG76: 2억/3천만 | BH76: 2억원/1인당 | BI76: 50만원 | BJ76: 가족한정/누구나 | BK76: 5회/년 | BL76: 가입 | BM76: 미가입 | BN76: 브랜드보증 외 사용자 부담 | BO76: 브랜드보증 외 사용자 부담 | BR76: =IF(P76<=1600,P76*18,IF(P76<=2500,P76*19,IF(P76>2500,P76*24,20000))) -> 37829 | BS76: 현금 | BZ76: 0 | CB76: 25 | CC76: 25 | CD76: 1558000 | CE76: =T76*12 -> 60 | CF76: =CE76*CD76 -> 93480000 | CG76: 32351000 | CH76: 25510000 | CI76: 32351000 | CJ76: -0.0216 | CK76: 0.06 | CL76: kyw6571@naver.com | CO76: 0.03 | CQ76: 0 | CR76: 0 | CS76: 0 | CT76: 0 | CU76: 0 | CV76: 0 | CW76: 0 | CX76: 0 | CY76: 0 | CZ76: 0 | DA76: 0 | DB76: =IF(DC76="정수원 실장","기아", IF(DC76="박현식 부장", "현대", IF(DC76="김성진 팀장", "한성", IF(DC76="전석영 부장", "한성", IF(DC76= "박봉호 부장", "모토원",IF(DC76="정원철 부장", "한성")))))) -> 한성 | DC76: 전석영 부장 | DD76: =IF(DC76="정수원 실장","렌트베네핏", IF(DC76="박현식 부장", "렌트베네핏", IF(DC76="김성진 팀장", "청담", IF(DC76="전석영 부장", "방배", IF(DC76= "박봉호 부장", "일산",IF(DC120="정원철 부장", "청담")))))) -> 방배 | DH76: 311-30-11821 | DI76: 주소 없음 | DJ76: 0.3 | DK76: 0.2
A77: 75 | B77: G90-001 | C77: 사고대차 | D77: 렌트베네핏/사고대차 | E77: 사고대차 | G77: G90 | H77: 3.5 AWD | I77: 119200000 | J77: 2022 | K77: 비크블랙/옵시디언 블랙 모노톤 | L77: 가솔린 | M77: KMTFA41DDNU010337 | N77: 101호1807 | O77: - | P77: 3470 | Q77: 44735 | R77: 45401 | S77: 45406 | T77: 5 | U77: =IFERROR(S77+AC77, "-") -> 47231 | V77: =IFERROR(DATEDIF(TODAY(), U77, "m"), "-") -> 33 | W77: 30000 | X77: 김형철 대리님 | Y77: 010-7371-2338 | AA77: 경기 용인시 수지구 신봉2로 72 신봉마을자이2차아파트 211동 주차장 앞 | AB77: 45437 | AC77: =365*T77 -> 1825 | AD77: =U77-TODAY() -> 1005 | AE77: =VLOOKUP($B77, [1]렌트_계약서번호!$B$3:$E$501, 4, FALSE) -> 22050026 | AF77: 112227883 | AG77: =AF77*4% -> 4489115.3 | AH77: =AF77-AG77 -> 1.0773877e+08 | AI77: 303000 | AJ77: 2000 | AK77: 4081010 | AL77: 575914 | AM77: 5000 | AN77: 21500 | AO77: 100000 | AP77: 2315000 | AQ77: 330000 | AR77: 아이나비 QSD-7000 | AS77: 420000 | AT77: 레이노 S-9/유리막/PPF | AU77: 4800000 | AV77: =SUM(AI77,AJ77,AM77,AN77,AO77, AQ77,AS77+AK77+AL77) -> 5838424 | AW77: 렌터카 공제 | AX77: 44735 | AY77: =4479070-3128010 -> 1351060 | BD77: 만26세 | BE77: 무한대 | BF77: 5억 | BG77: 2억/3천만 | BH77: 2억원/1인당 | BI77: 50만원 | BJ77: 임직원 | BK77: 5회/년 | BL77: 가입 | BM77: 가입 | BN77: 가입 | BO77: 브랜드보증 외 사용자 부담 | BP77: MICHELIN 245/45 R 20 | BR77: =IF(P77<=1600,P77*18,IF(P77<=2500,P77*19,IF(P77>2500,P77*24,20000))) -> 83280 | BS77: 현금 | BZ77: 0 | CB77: 25 | CC77: 25 | CD77: 2170000 | CE77: =T77*12 -> 60 | CF77: =CE77*CD77 -> 130200000 | CG77: 0 | CH77: 0 | CI77: 만기시 반납 | CJ77: 0 | CK77: 0.06 | CL77: serim@serimbng.co.kr; miraetech6528@naver.com | CO77: 0.03 | CQ77: 0 | CR77: 0 | CS77: 0 | CT77: 0 | CU77: 0 | CV77: 0 | CW77: 0 | CX77: 0 | CY77: 0 | CZ77: 0 | DA77: 0 | DB77: =IF(DC77="정수원 실장","기아", IF(DC77="박현식 부장", "현대", IF(DC77="김성진 팀장", "한성", IF(DC77="전석영 부장", "한성", IF(DC77= "박봉호 부장", "모토원",IF(DC77="정원철 부장", "한성")))))) -> 현대 | DC77: 박현식 부장 | DD77: =IF(DC77="정수원 실장","렌트베네핏", IF(DC77="박현식 부장", "렌트베네핏", IF(DC77="김성진 팀장", "청담", IF(DC77="전석영 부장", "방배", IF(DC77= "박봉호 부장", "일산",IF(DB120="정원철 부장", "청담")))))) -> 렌트베네핏 | DF77: 국민은행 | DG77: 294501-04-14655 | DH77: 531-79-00252 | DI77: 경기도 평택시 오성면 오성북로 154-94 | DJ77: 0.3
A78: 75 | B78: G90-001_1 | C78: 장기렌트 | D78: 미래테크 | E78: 박경희 | F78: 010-7371-2338 | G78: G90 | H78: 3.5 AWD | I78: 119200000 | J78: 2022 | K78: 비크블랙/옵시디언 블랙 모노톤 | L78: 가솔린 | M78: KMTFA41DDNU010337 | N78: 101호1807 | O78: - | P78: 3470 | Q78: 44735 | R78: 45401 | S78: 45406 | T78: 2.166666 | U78: =IFERROR(S78+AC78, "-") -> 46196.833 | V78: 26 | W78: 30000 | X78: 김형철 대리님 | Y78: 010-7371-2338 | AA78: 경기 용인시 수지구 신봉2로 72 신봉마을자이2차아파트 211동 주차장 앞 | AB78: 45437 | AC78: =365*T78 -> 790.83309 | AD78: =U78-TODAY() -> -29.16691 | AE78: =VLOOKUP($B78, [1]렌트_계약서번호!$B$3:$E$501, 4, FALSE) -> #N/A | AF78: 112227883 | AG78: =AF78*4% -> 4489115.3 | AH78: =AF78-AG78 -> 1.0773877e+08 | AI78: 303000 | AJ78: 2000 | AK78: 4081010 | AL78: 575914 | AM78: 5000 | AN78: 21500 | AO78: 100000 | AP78: 2315000 | AQ78: 330000 | AR78: 아이나비 QSD-7000 | AS78: 420000 | AT78: 레이노 S-9/유리막/PPF | AU78: 4800000 | AV78: =SUM(AI78,AJ78,AM78,AN78,AO78, AQ78,AS78+AK78+AL78) -> 5838424 | AW78: 렌터카 공제 | AX78: 44735 | AY78: =4479070-3128010 -> 1351060 | BD78: 만26세 | BE78: 무한대 | BF78: 5억 | BG78: 2억/3천만 | BH78: 2억원/1인당 | BI78: 50만원 | BJ78: 임직원 | BK78: 5회/년 | BL78: 가입 | BM78: 가입 | BN78: 가입 | BO78: 브랜드보증 외 사용자 부담 | BP78: MICHELIN 245/45 R 20 | BR78: =IF(P78<=1600,P78*18,IF(P78<=2500,P78*19,IF(P78>2500,P78*24,20000))) -> 83280 | BS78: 현금 | BZ78: 0 | CB78: 25 | CC78: 25 | CD78: 2170000 | CE78: =T78*12 -> 25.999992 | CF78: =CE78*CD78 -> 56419983 | CG78: 0 | CH78: 0 | CI78: 만기시 반납 | CJ78: 0 | CK78: 0.06 | CL78: serim@serimbng.co.kr; miraetech6528@naver.com | CO78: 0.03 | CQ78: 0 | CR78: 0 | CS78: 0 | CT78: 0 | CU78: 0 | CV78: 0 | CW78: 0 | CX78: 0 | CY78: 0 | CZ78: 0 | DA78: 0 | DB78: =IF(DC78="정수원 실장","기아", IF(DC78="박현식 부장", "현대", IF(DC78="김성진 팀장", "한성", IF(DC78="전석영 부장", "한성", IF(DC78= "박봉호 부장", "모토원",IF(DC78="정원철 부장", "한성")))))) -> 현대 | DC78: 박현식 부장 | DD78: =IF(DC78="정수원 실장","렌트베네핏", IF(DC78="박현식 부장", "렌트베네핏", IF(DC78="김성진 팀장", "청담", IF(DC78="전석영 부장", "방배", IF(DC78= "박봉호 부장", "일산",IF(DC123="정원철 부장", "청담")))))) -> 렌트베네핏 | DF78: 국민은행 | DG78: 294501-04-14655 | DH78: 531-79-00252 | DI78: 경기도 평택시 오성면 오성북로 154-94 | DJ78: 0.3 | DK78: 0.2
A79: 76 | B79: G90-002 | C79: 거래완료 | D79: 대건하이텍 | E79: 이기찬 대표님 | F79: 010-6403-4465 | G79: G90 | H79: 3.5 AWD | I79: 119200000 | J79: 2022 | K79: 비크블랙/옵시디언 블랙 모노톤 | L79: 가솔린 | M79: KMTFA41DDNU010318 | N79: 101호1808 | O79: - | P79: 3470 | Q79: 44735 | R79: 44735 | S79: 44736 | T79: 4 | U79: =IFERROR(S79+AC79, "-") -> 46196 | V79: =IFERROR(DATEDIF(TODAY(), U79, "m"), "-") -> - | W79: 30000 | X79: 이기찬 대표님 | Y79: 010-6403-4465 | AA79: 경기도 수원시 영통구 매영로310번길 27 신원미주아파드 645동 | AB79: 44767 | AC79: =365*T79 -> 1460 | AD79: =U79-TODAY() -> -30 | AE79: =VLOOKUP($B79, [1]렌트_계약서번호!$B$3:$E$501, 4, FALSE) -> 22060028 | AF79: 112227883 | AG79: =AF79*4% -> 4489115.3 | AH79: =AF79-AG79 -> 1.0773877e+08 | AI79: 303000 | AJ79: 2000 | AK79: 4081010 | AL79: 575914 | AM79: 5000 | AN79: 21500 | AO79: 100000 | AP79: 2315000 | AQ79: 330000 | AR79: 아이나비 QSD-7000 | AS79: 420000 | AT79: 레이노 S-9/유리막/PPF | AU79: 4800000 | AV79: =SUM(AI79,AJ79,AM79,AN79,AO79, AQ79,AS79+AK79+AL79) -> 5838424 | AW79: 렌터카 공제 | AX79: 44735 | AY79: =4440730-3156840 -> 1283890 | BD79: 만26세 | BE79: 무한대 | BF79: 5억 | BG79: 2억/3천만 | BH79: 2억원/1인당 | BI79: 50만원 | BJ79: 임직원 | BK79: 5회/년 | BL79: 가입 | BM79: 가입 | BN79: 가입 | BO79: 렌트기간 4본 | BP79: MICHELIN 245/45 R 20 | BR79: =IF(P79<=1600,P79*18,IF(P79<=2500,P79*19,IF(P79>2500,P79*24,20000))) -> 83280 | BS79: 현금 | BZ79: 0 | CB79: 25 | CC79: 25 | CD79: 2707000 | CE79: =T79*12 -> 48 | CF79: =CE79*CD79 -> 129936000 | CG79: 35760000 | CH79: 0 | CI79: 35760000 | CJ79: 0.0988 | CK79: 0.06 | CL79: lkc2006@naver.com | CO79: 0.03 | CQ79: 0 | CR79: 0 | CS79: 0 | CT79: 0 | CU79: 0 | CV79: 0 | CW79: 0 | CX79: 0 | CY79: 0 | CZ79: 0 | DA79: 0 | DB79: 현대 | DC79: 박현식 부장 | DD79: 렌트베네핏 | DH79: 124-35-63962 | DI79: 경기도 수원시 영통구 매영로310번길 27 신원미주아파드 645동 | DJ79: 0.3 | DK79: 0.2
A80: 77 | B80: Ray-050 | C80: 장기렌트 | D80: 신흥정보통신㈜_34 | E80: 이종희 이사님 | F80: 010-3214-0636 | G80: Ray Van | H80: 프레스티지 | I80: 13150000 | J80: 2022 | K80: White/Black | L80: 가솔린 | M80: KNACF911BNT311915 | N80: 125호3220 | O80: - | P80: 998 | Q80: 44735 | R80: 44666 | S80: 44740 | T80: 5 | U80: =IFERROR(S80+AC80, "-") -> 46565 | V80: =IFERROR(DATEDIF(TODAY(), U80, "m"), "-") -> 11 | W80: 20000 | X80: 이진근 | Y80: 010-7234-1114 | Z80: 경기 동두천지점 | AA80: 경기도 동두천시 중앙로 260 (생연동) KT 동두천지점 2층 신흥정보통신 | AB80: 44747 | AC80: =365*T80 -> 1825 | AD80: =U80-TODAY() -> 339 | AE80: =VLOOKUP($B80, [1]렌트_계약서번호!$B$3:$E$501, 4, FALSE) -> 22040019 | AF80: 13118375 | AG80: 0 | AH80: =AF80-AG80 -> 13118375 | AJ80: 2000 | AK80: =AH80/1.1*0.04 -> 477031.82 | AL80: 0 | AM80: 2000 | AN80: 27000 | AO80: 30000 | AP80: 430000 | AQ80: 0 | AR80: 엠피온 | AS80: 0 | AT80: 루마 전면 없음/측후면 15% | AU80: =477028 -> 477028 | AV80: =SUM(AI80,AJ80,AM80,AN80,AO80, AQ80,AS80+AK80+AL80) -> 538031.82 | AW80: 렌터카 공제 | AX80: 44735 | AY80: 1182390 | BD80: 만26세 | BE80: 무한대 | BF80: 2억원 | BG80: 1억원/1500만 | BH80: 2억원/1인당 | BI80: 30만원 | BJ80: 임직원 | BK80: 5회/년 | BL80: 가입 | BM80: 미가입 | BN80: 브랜드보증 외 사용자 부담 | BO80: 브랜드보증 외 사용자 부담 | BP80: HANKOOK 앞/뒤165 60R14 79H | BR80: =IF(P80<=1600,P80*18,IF(P80<=2500,P80*19,IF(P80>2500,P80*24,20000))) -> 17964 | BS80: 현금 | BZ80: 0 | CB80: 5 | CC80: 5 | CD80: 340700 | CE80: =T80*12 -> 60 | CF80: =CE80*CD80 -> 20442000 | CI80: 2506900 | CJ80: 0.01 | CK80: 0.04 | CL80: jhlee@shtel.co.kr | CO80: 0.03 | CQ80: 0 | CR80: 0 | CS80: 0 | CT80: 0 | CU80: 0 | CV80: 0 | CW80: 0 | CX80: 0 | CY80: 0 | CZ80: 0 | DA80: 0 | DB80: =IF(DC80="정수원 실장","기아", IF(DC80="박현식 부장", "현대", IF(DC80="김성진 팀장", "한성", IF(DC80="전석영 부장", "한성", IF(DC80= "박봉호 부장", "모토원",IF(DC80="정원철 부장", "한성")))))) -> 기아 | DC80: 정수원 실장 | DD80: =IF(DC80="정수원 실장","렌트베네핏", IF(DC80="박현식 부장", "렌트베네핏", IF(DC80="김성진 팀장", "청담", IF(DC80="전석영 부장", "방배", IF(DC80= "박봉호 부장", "일산",IF(DC125="정원철 부장", "청담")))))) -> 렌트베네핏 | DH80: 206-85-09469 | DI80: 주소 없음 | DJ80: 0.3 | DK80: 0.2
A81: 78 | B81: Ray-051 | C81: 장기렌트 | D81: 신흥정보통신㈜_35 | E81: 이종희 이사님 | F81: 010-3214-0636 | G81: Ray Van | H81: 프레스티지 | I81: 13150000 | J81: 2022 | K81: White/Black | L81: 가솔린 | M81: KNACF911BNT311749 | N81: 125호3224 | O81: - | P81: 998 | Q81: 44735 | R81: 44666 | S81: 44740 | T81: 5 | U81: =IFERROR(S81+AC81, "-") -> 46565 | V81: =IFERROR(DATEDIF(TODAY(), U81, "m"), "-") -> 11 | W81: 20000 | X81: 이성호 | Y81: 010-5647-3311 | Z81: 강동구 고덕점 | AA81: 서울특별시 강동구 천중로 213 2층 신흥정보통신 | AB81: 44747 | AC81: =365*T81 -> 1825 | AD81: =U81-TODAY() -> 339 | AE81: =VLOOKUP($B81, [1]렌트_계약서번호!$B$3:$E$501, 4, FALSE) -> 22040020 | AF81: 13118375 | AG81: 0 | AH81: =AF81-AG81 -> 13118375 | AJ81: 2000 | AK81: =AH81/1.1*0.04 -> 477031.82 | AL81: 0 | AM81: 2000 | AN81: 27000 | AO81: 30000 | AP81: 430000 | AQ81: 0 | AR81: 엠피온 | AS81: 0 | AT81: 루마 전면 없음/측후면 15% | AU81: =477028 -> 477028 | AV81: =SUM(AI81,AJ81,AM81,AN81,AO81, AQ81,AS81+AK81+AL81) -> 538031.82 | AW81: 렌터카 공제 | AX81: 44735 | AY81: 1182390 | BD81: 만26세 | BE81: 무한대 | BF81: 2억원 | BG81: 1억원/1500만 | BH81: 2억원/1인당 | BI81: 30만원 | BJ81: 임직원 | BK81: 5회/년 | BL81: 가입 | BM81: 미가입 | BN81: 브랜드보증 외 사용자 부담 | BO81: 브랜드보증 외 사용자 부담 | BP81: HANKOOK 앞/뒤165 60R14 79H | BR81: =IF(P81<=1600,P81*18,IF(P81<=2500,P81*19,IF(P81>2500,P81*24,20000))) -> 17964 | BS81: 현금 | BZ81: 0 | CB81: 5 | CC81: 5 | CD81: 340700 | CE81: =T81*12 -> 60 | CF81: =CE81*CD81 -> 20442000 | CI81: 2506900 | CJ81: 0.01 | CK81: 0.04 | CL81: jhlee@shtel.co.kr | CO81: 0.03 | CQ81: 0 | CR81: 0 | CS81: 0 | CT81: 0 | CU81: 0 | CV81: 0 | CW81: 0 | CX81: 0 | CY81: 0 | CZ81: 0 | DA81: 0 | DB81: =IF(DC81="정수원 실장","기아", IF(DC81="박현식 부장", "현대", IF(DC81="김성진 팀장", "한성", IF(DC81="전석영 부장", "한성", IF(DC81= "박봉호 부장", "모토원",IF(DC81="정원철 부장", "한성")))))) -> 기아 | DC81: 정수원 실장 | DD81: =IF(DC81="정수원 실장","렌트베네핏", IF(DC81="박현식 부장", "렌트베네핏", IF(DC81="김성진 팀장", "청담", IF(DC81="전석영 부장", "방배", IF(DC81= "박봉호 부장", "일산",IF(DC126="정원철 부장", "청담")))))) -> 렌트베네핏 | DH81: 206-85-09469 | DI81: 주소 없음 | DJ81: 0.3 | DK81: 0.2
A82: 79 | B82: Ray-052 | C82: 장기렌트 | D82: 신흥정보통신㈜_36 | E82: 이종희 이사님 | F82: 010-3214-0636 | G82: Ray Van | H82: 프레스티지 | I82: 13150000 | J82: 2022 | K82: White/Black | L82: 가솔린 | M82: KNACF911BNT311746 | N82: 125호3225 | O82: - | P82: 998 | Q82: 44735 | R82: 44666 | S82: 44740 | T82: 5 | U82: =IFERROR(S82+AC82, "-") -> 46565 | V82: =IFERROR(DATEDIF(TODAY(), U82, "m"), "-") -> 11 | W82: 20000 | X82: 맹원식 | Y82: 010-3325-0037 | Z82: 경기 수원점 | AA82: 경기도 수원시 장안구 정조로 947 KT수원지사 본관 2층 신흥정보통신 | AB82: 44747 | AC82: =365*T82 -> 1825 | AD82: =U82-TODAY() -> 339 | AE82: =VLOOKUP($B82, [1]렌트_계약서번호!$B$3:$E$501, 4, FALSE) -> 22040021 | AF82: 13118375 | AG82: 0 | AH82: =AF82-AG82 -> 13118375 | AJ82: 2000 | AK82: =AH82/1.1*0.04 -> 477031.82 | AL82: 0 | AM82: 2000 | AN82: 27000 | AO82: 30000 | AP82: 430000 | AQ82: 0 | AR82: 엠피온 | AS82: 0 | AT82: 루마 전면 없음/측후면 15% | AU82: =477028 -> 477028 | AV82: =SUM(AI82,AJ82,AM82,AN82,AO82, AQ82,AS82+AK82+AL82) -> 538031.82 | AW82: 렌터카 공제 | AX82: 44735 | AY82: 1182390 | BD82: 만26세 | BE82: 무한대 | BF82: 2억원 | BG82: 1억원/1500만 | BH82: 2억원/1인당 | BI82: 30만원 | BJ82: 임직원 | BK82: 5회/년 | BL82: 가입 | BM82: 미가입 | BN82: 브랜드보증 외 사용자 부담 | BO82: 브랜드보증 외 사용자 부담 | BP82: HANKOOK 앞/뒤165 60R14 79H | BR82: =IF(P82<=1600,P82*18,IF(P82<=2500,P82*19,IF(P82>2500,P82*24,20000))) -> 17964 | BS82: 현금 | BZ82: 0 | CB82: 5 | CC82: 5 | CD82: 340700 | CE82: =T82*12 -> 60 | CF82: =CE82*CD82 -> 20442000 | CI82: 2506900 | CJ82: 0.01 | CK82: 0.04 | CL82: jhlee@shtel.co.kr | CO82: 0.03 | CQ82: 0 | CR82: 0 | CS82: 0 | CT82: 0 | CU82: 0 | CV82: 0 | CW82: 0 | CX82: 0 | CY82: 0 | CZ82: 0 | DA82: 0 | DB82: =IF(DC82="정수원 실장","기아", IF(DC82="박현식 부장", "현대", IF(DC82="김성진 팀장", "한성", IF(DC82="전석영 부장", "한성", IF(DC82= "박봉호 부장", "모토원",IF(DC82="정원철 부장", "한성")))))) -> 기아 | DC82: 정수원 실장 | DD82: =IF(DC82="정수원 실장","렌트베네핏", IF(DC82="박현식 부장", "렌트베네핏", IF(DC82="김성진 팀장", "청담", IF(DC82="전석영 부장", "방배", IF(DC82= "박봉호 부장", "일산",IF(DC127="정원철 부장", "청담")))))) -> 렌트베네핏 | DH82: 206-85-09469 | DI82: 주소 없음 | DJ82: 0.3 | DK82: 0.2
A83: 80 | B83: Ray-053 | C83: 장기렌트 | D83: 신흥정보통신㈜_37 | E83: 이종희 이사님 | F83: 010-3214-0636 | G83: Ray Van | H83: 프레스티지 | I83: 13150000 | J83: 2022 | K83: White/Black | L83: 가솔린 | M83: KNACF911BNT311912 | N83: 125호3226 | O83: - | P83: 998 | Q83: 44735 | R83: 44666 | S83: 44740 | T83: 5 | U83: =IFERROR(S83+AC83, "-") -> 46565 | V83: =IFERROR(DATEDIF(TODAY(), U83, "m"), "-") -> 11 | W83: 20000 | X83: 권상현(소장) | Y83: 010-2890-3124 | Z83: 부산 대연점 | AA83: 부산광역시 동구 자성공원로 23 (범일동, KT부산정보통신센터) 18층 신흥정보통신 | AB83: 44747 | AC83: =365*T83 -> 1825 | AD83: =U83-TODAY() -> 339 | AE83: =VLOOKUP($B83, [1]렌트_계약서번호!$B$3:$E$501, 4, FALSE) -> 22040022 | AF83: 13118375 | AG83: 0 | AH83: =AF83-AG83 -> 13118375 | AJ83: 2000 | AK83: =AH83/1.1*0.04 -> 477031.82 | AL83: 0 | AM83: 2000 | AN83: 27000 | AO83: 30000 | AP83: 430000 | AQ83: 0 | AR83: 엠피온 | AS83: 0 | AT83: 루마 전면 없음/측후면 15% | AU83: =477028 -> 477028 | AV83: =SUM(AI83,AJ83,AM83,AN83,AO83, AQ83,AS83+AK83+AL83) -> 538031.82 | AW83: 렌터카 공제 | AX83: 44735 | AY83: 1182390 | BD83: 만26세 | BE83: 무한대 | BF83: 2억원 | BG83: 1억원/1500만 | BH83: 2억원/1인당 | BI83: 30만원 | BJ83: 임직원 | BK83: 5회/년 | BL83: 가입 | BM83: 미가입 | BN83: 브랜드보증 외 사용자 부담 | BO83: 브랜드보증 외 사용자 부담 | BP83: HANKOOK 앞/뒤165 60R14 79H | BR83: =IF(P83<=1600,P83*18,IF(P83<=2500,P83*19,IF(P83>2500,P83*24,20000))) -> 17964 | BS83: 현금 | BZ83: 0 | CB83: 5 | CC83: 5 | CD83: 340700 | CE83: =T83*12 -> 60 | CF83: =CE83*CD83 -> 20442000 | CI83: 2506900 | CJ83: 0.01 | CK83: 0.04 | CL83: jhlee@shtel.co.kr | CO83: 0.03 | CQ83: 0 | CR83: 0 | CS83: 0 | CT83: 0 | CU83: 0 | CV83: 0 | CW83: 0 | CX83: 0 | CY83: 0 | CZ83: 0 | DA83: 0 | DB83: =IF(DC83="정수원 실장","기아", IF(DC83="박현식 부장", "현대", IF(DC83="김성진 팀장", "한성", IF(DC83="전석영 부장", "한성", IF(DC83= "박봉호 부장", "모토원",IF(DC83="정원철 부장", "한성")))))) -> 기아 | DC83: 정수원 실장 | DD83: =IF(DC83="정수원 실장","렌트베네핏", IF(DC83="박현식 부장", "렌트베네핏", IF(DC83="김성진 팀장", "청담", IF(DC83="전석영 부장", "방배", IF(DC83= "박봉호 부장", "일산",IF(DC128="정원철 부장", "청담")))))) -> 렌트베네핏 | DH83: 206-85-09469 | DI83: 주소 없음 | DJ83: 0.3 | DK83: 0.2
A84: 81 | B84: Ray-049 | C84: 장기렌트 | D84: 신흥정보통신㈜_33 | E84: 이종희 이사님 | F84: 010-3214-0636 | G84: Ray Van | H84: 프레스티지 | I84: 13150000 | J84: 2022 | K84: White/Black | L84: 가솔린 | M84: KNACF911BNT311908 | N84: 125호3219 | O84: - | P84: 998 | Q84: 44735 | R84: 44666 | S84: 44741 | T84: 5 | U84: =IFERROR(S84+AC84, "-") -> 46566 | V84: =IFERROR(DATEDIF(TODAY(), U84, "m"), "-") -> 11 | W84: 20000 | X84: 이진근 | Y84: 010-7234-1114 | Z84: 경기 동두천지점 | AA84: 경기도 동두천시 중앙로 260 (생연동) KT 동두천지점 2층 신흥정보통신 | AB84: 44747 | AC84: =365*T84 -> 1825 | AD84: =U84-TODAY() -> 340 | AE84: =VLOOKUP($B84, [1]렌트_계약서번호!$B$3:$E$501, 4, FALSE) -> 22040018 | AF84: 13118375 | AG84: 0 | AH84: =AF84-AG84 -> 13118375 | AJ84: 2000 | AK84: =AH84/1.1*0.04 -> 477031.82 | AL84: 0 | AM84: 2000 | AN84: 27000 | AO84: 30000 | AP84: 430000 | AQ84: 0 | AR84: 엠피온 | AS84: 0 | AT84: 루마 전면 없음/측후면 15% | AU84: =477028 -> 477028 | AV84: =SUM(AI84,AJ84,AM84,AN84,AO84, AQ84,AS84+AK84+AL84) -> 538031.82 | AW84: 렌터카 공제 | AX84: 44735 | AY84: 1182390 | BD84: 만26세 | BE84: 무한대 | BF84: 2억원 | BG84: 1억원/1500만 | BH84: 2억원/1인당 | BI84: 30만원 | BJ84: 임직원 | BK84: 5회/년 | BL84: 가입 | BM84: 미가입 | BN84: 브랜드보증 외 사용자 부담 | BO84: 브랜드보증 외 사용자 부담 | BP84: HANKOOK 앞/뒤165 60R14 79H | BR84: =IF(P84<=1600,P84*18,IF(P84<=2500,P84*19,IF(P84>2500,P84*24,20000))) -> 17964 | BS84: 현금 | BZ84: 0 | CB84: 5 | CC84: 5 | CD84: 340700 | CE84: =T84*12 -> 60 | CF84: =CE84*CD84 -> 20442000 | CI84: 2506900 | CJ84: 0.01 | CK84: 0.04 | CL84: jhlee@shtel.co.kr | CO84: 0.03 | CQ84: 0 | CR84: 0 | CS84: 0 | CT84: 0 | CU84: 0 | CV84: 0 | CW84: 0 | CX84: 0 | CY84: 0 | CZ84: 0 | DA84: 0 | DB84: =IF(DC84="정수원 실장","기아", IF(DC84="박현식 부장", "현대", IF(DC84="김성진 팀장", "한성", IF(DC84="전석영 부장", "한성", IF(DC84= "박봉호 부장", "모토원",IF(DC84="정원철 부장", "한성")))))) -> 기아 | DC84: 정수원 실장 | DD84: =IF(DC84="정수원 실장","렌트베네핏", IF(DC84="박현식 부장", "렌트베네핏", IF(DC84="김성진 팀장", "청담", IF(DC84="전석영 부장", "방배", IF(DC84= "박봉호 부장", "일산",IF(DC129="정원철 부장", "청담")))))) -> 렌트베네핏 | DH84: 206-85-09469 | DI84: 주소 없음 | DJ84: 0.3 | DK84: 0.2
A85: 82 | B85: K8-002 | C85: 계약변경 | D85: 특허법인 엠에이피에스 | E85: 정선애 변리사님 | F85: 010-2272-7477 | G85: K8 | H85: 노블레스 2.5 | I85: 35100000 | J85: 2022 | K85: 그래비티 블루/브라운 | L85: 가솔린 | M85: KNAM241BBPA034424 | N85: 125호5225 | O85: - | P85: 2497 | Q85: 44742 | R85: 44617 | S85: 44743 | T85: 4 | U85: =IFERROR(S85+AC85, "-") -> 46203 | V85: =IFERROR(DATEDIF(TODAY(), U85, "m"), "-") -> - | W85: 20000 | X85: 강은경 매니저님 | Y85: 010-2202-8466 | AA85: 경기도 군포시 산본로386번길 61, 1125동 | AB85: 44747 | AC85: =365*T85 -> 1460 | AD85: =U85-TODAY() -> -23 | AE85: =VLOOKUP($B85, [1]렌트_계약서번호!$B$3:$E$501, 4, FALSE) -> 22020010 | AF85: 34310404 | AG85: =AF85*6% -> 2058624.2 | AH85: =AF85-AG85 -> 32251780 | AK85: 1310370 | AL85: 123060 | AM85: 2000 | AN85: 4500 | AO85: 50000 | AP85: 1087000 | AQ85: 154000 | AR85: S1000PRO | AS85: 198000 | AT85: 버택스 전면 35% 측후면 15% | AU85: =1510350 -> 1510350 | AV85: =SUM(AI85,AJ85,AM85,AN85,AO85, AQ85,AS85+AK85+AL85) -> 1841930 | AW85: 렌터카 공제 | AX85: 44742 | AY85: 1182390 | BD85: 만26세 | BE85: 무한대 | BF85: 2억원 | BG85: 1억원/1500만 | BH85: 2억원/1인당 | BI85: 30만원 | BJ85: 임직원 | BK85: 5회/년 | BL85: 가입 | BM85: 미가입 | BN85: 브랜드보증 외 사용자 부담 | BO85: 브랜드보증 외 사용자 부담 | BR85: =IF(P85<=1600,P85*18,IF(P85<=2500,P85*19,IF(P85>2500,P85*24,20000))) -> 47443 | BS85: 현금 | BZ85: 0 | CB85: 5 | CC85: 5 | CD85: 563530 | CE85: =T85*12 -> 48 | CF85: =CE85*CD85 -> 27049440 | CG85: 7020000 | CH85: 0 | CI85: 19269900 | CJ85: -0.1098 | CK85: 0.06 | CL85: tax@mapsip.com | CO85: 0.03 | CQ85: 0 | CR85: 0 | CS85: 0 | CT85: 0 | CU85: 0 | CV85: 0 | CW85: 0 | CX85: 0 | CY85: 0 | CZ85: 0 | DA85: 0 | DB85: =IF(DC85="정수원 실장","기아", IF(DC85="박현식 부장", "현대", IF(DC85="김성진 팀장", "한성", IF(DC85="전석영 부장", "한성", IF(DC85= "박봉호 부장", "모토원",IF(DC85="정원철 부장", "한성")))))) -> 기아 | DC85: 정수원 실장 | DD85: =IF(DC85="정수원 실장","렌트베네핏", IF(DC85="박현식 부장", "렌트베네핏", IF(DC85="김성진 팀장", "청담", IF(DC85="전석영 부장", "방배", IF(DC85= "박봉호 부장", "일산",IF(DC130="정원철 부장", "청담")))))) -> 렌트베네핏 | DH85: 211-88-54986 | DI85: 경기도 군포시 산본로386번길 61, 1125동 | DJ85: 0.3 | DK85: 0.2
A86: 83 | B86: Avante-002 | C86: 장기렌트 | D86: 천지세무법인-인천 | E86: 박점식 회장님 | F86: 010-3465-8117 | G86: Avante | H86: 모던 | I86: 22980000 | J86: 2022 | K86: 폴라 화이트/블랙모노톤 | L86: 가솔린 | M86: KMHLM41EEPU454944 | N86: 125호5280 | O86: - | P86: 1597 | Q86: 44866 | R86: 44638 | S86: 44867 | T86: 4 | U86: =IFERROR(S86+AC86, "-") -> 46327 | V86: =IFERROR(DATEDIF(TODAY(), U86, "m"), "-") -> 3 | W86: 20000 | X86: 심선미 이사님 | Y86: 010-5416-9005 | Z86: 인천지사 | AA86: 인천광역시 서구 염곡로 468, 504호(가정동, 드림타워) | AB86: 44875 | AC86: =365*T86 -> 1460 | AD86: =U86-TODAY() -> 101 | AE86: =VLOOKUP($B86, [1]렌트_계약서번호!$B$3:$E$501, 4, FALSE) -> 22030012 | AF86: 21745464 | AG86: =AF86*6% -> 1304727.8 | AH86: =AF86-AG86 -> 20440736 | AK86: =AH86/1.1*0.04 -> 743299.5 | AL86: 100000 | AM86: 2000 | AN86: 47000 | AO86: 50000 | AQ86: 154000 | AR86: s1000프로 FHD-FHD 32GB | AS86: 66000 | AT86: 루마 기본 측후 15% | AU86: =1033404 -> 1033404 | AV86: =SUM(AI86,AJ86,AM86,AN86,AO86, AQ86,AS86+AK86+AL86) -> 1162299.5 | AW86: 렌터카 공제 | AY86: 1189980 | BD86: 만26세 | BE86: 무한대 | BF86: 2억원 | BG86: 1억원/1500만 | BH86: 2억원/1인당 | BI86: 30만원 | BJ86: 임직원 | BK86: 5회/년 | BL86: 가입 | BM86: 미가입 | BN86: 브랜드보증 외 사용자 부담 | BO86: 브랜드보증 외 사용자 부담 | BR86: =IF(P86<=1600,P86*18,IF(P86<=2500,P86*19,IF(P86>2500,P86*24,20000))) -> 28746 | BS86: 현금 | BZ86: 0 | CB86: 10 | CC86: 10 | CD86: 400000 | CE86: =T86*12 -> 48 | CF86: =CE86*CD86 -> 19200000 | CI86: 15600000 | CJ86: 0 | CK86: 0.06 | CL86: cjtsgp@daum.net | CM86: sm8765@nate.com | CN86: 010-5416-9005 | CO86: 0.03 | CQ86: 코일매트 | CR86: 47300 | CS86: 0 | CT86: 0 | CU86: 0 | CV86: 0 | CW86: 0 | CX86: 0 | CY86: 0 | CZ86: 0 | DA86: 0 | DB86: =IF(DC86="정수원 실장","기아", IF(DC86="박현식 부장", "현대", IF(DC86="김성진 팀장", "한성", IF(DC86="전석영 부장", "한성", IF(DC86= "박봉호 부장", "모토원",IF(DC86="정원철 부장", "한성")))))) -> 현대 | DC86: 박현식 부장 | DD86: =IF(DC86="정수원 실장","렌트베네핏", IF(DC86="박현식 부장", "렌트베네핏", IF(DC86="김성진 팀장", "청담", IF(DC86="전석영 부장", "방배", IF(DC86= "박봉호 부장", "일산",IF(DC135="정원철 부장", "청담")))))) -> 렌트베네핏 | DF86: 국민은행 | DG86: 253-25-0012-545 | DH86: 137-85-05361 | DI86: 인천광역시 서구 염곡로 468, 504호(가정동, 드림타워) | DJ86: 0.3 | DK86: 0.2
A87: 84 | B87: Avante-003 | C87: 사고대차 | D87: 천지세무법인-서울 | E87: 박점식 회장님 | F87: 010-3465-8117 | G87: Avante | H87: 모던 | I87: 22980000 | J87: 2022 | K87: 팬텀 블랙펄 / 블랙모노톤 | L87: 가솔린 | M87: KMHLM41EEPU492586 | N87: 101호1826 | O87: - | P87: 1597 | Q87: 44921 | R87: 44638 | S87: 44922 | T87: 4 | U87: =IFERROR(S87+AC87, "-") -> 46382 | V87: =IFERROR(DATEDIF(TODAY(), U87, "m"), "-") -> 5 | W87: 20000 | X87: 이재현 차장님 | Y87: 010-9132-6512 | Z87: 서울본사 | AA87: 서울특별시 금천구 벚꽃로 234(가산동, 에이스하이엔드타워6차 1604-1호 | AB87: 44941 | AC87: =365*T87 -> 1460 | AD87: =U87-TODAY() -> 156 | AE87: =VLOOKUP($B87, [1]렌트_계약서번호!$B$3:$E$501, 4, FALSE) -> 22030014 | AF87: 21745465 | AG87: =AF87*6% -> 1304727.9 | AH87: =AF87-AG87 -> 20440737 | AK87: =AH87/1.1*0.04 -> 743299.53 | AL87: 100000 | AM87: 2000 | AN87: 47000 | AO87: 50000 | AQ87: 170000 | AR87: s1000프로 FHD-FHD 32GB | AS87: 66000 | AT87: Rayno 기본 | AU87: =900000 -> 900000 | AV87: =SUM(AI87,AJ87,AM87,AN87,AO87, AQ87,AS87+AK87+AL87) -> 1178299.5 | AW87: 렌터카 공제 | AX87: 44921 | AY87: 1036500 | BD87: 만26세 | BE87: 무한대 | BF87: 2억원 | BG87: 1억원/1500만 | BH87: 2억원/1인당 | BI87: 30만원 | BJ87: 임직원 | BK87: 5회/년 | BL87: 가입 | BM87: 미가입 | BN87: 브랜드보증 외 사용자 부담 | BO87: 브랜드보증 외 사용자 부담 | BR87: =IF(P87<=1600,P87*18,IF(P87<=2500,P87*19,IF(P87>2500,P87*24,20000))) -> 28746 | BS87: 현금 | BZ87: 0 | CB87: 15 | CC87: 15 | CD87: 400000 | CE87: =T87*12 -> 48 | CF87: =CE87*CD87 -> 19200000 | CI87: 15600000 | CJ87: 0 | CK87: 0.06 | CL87: cjts@daum.net | CN87: 010-9132-6512 | CO87: 0.03 | CQ87: 코일매트 | CR87: 30000 | CS87: 0 | CT87: 0 | CU87: 0 | CV87: 0 | CW87: 0 | CX87: 0 | CY87: 0 | CZ87: 0 | DA87: 0 | DB87: =IF(DC87="정수원 실장","기아", IF(DC87="박현식 부장", "현대", IF(DC87="김성진 팀장", "한성", IF(DC87="전석영 부장", "한성", IF(DC87= "박봉호 부장", "모토원",IF(DC87="정원철 부장", "한성")))))) -> 현대 | DC87: 박현식 부장 | DD87: =IF(DC87="정수원 실장","렌트베네핏", IF(DC87="박현식 부장", "렌트베네핏", IF(DC87="김성진 팀장", "청담", IF(DC87="전석영 부장", "방배", IF(DC87= "박봉호 부장", "일산",IF(DC137="정원철 부장", "청담")))))) -> 렌트베네핏 | DF87: 국민은행 | DG87: 421701-04-139427 | DH87: 119-85-42320 | DI87: 서울특별시 금천구 벚꽃로 234(가산동, 에이스하이엔드타워6차 1604-1호 | DJ87: 0.3 | DK87: 0.2
A88: 85 | B88: G80-001_1 | C88: 계약변경 | D88: 나은약국 | E88: 박순희 고객님 | F88: 010-2747-0684 | G88: G80 | H88: 2.5T | I88: 62000000 | J88: 2022 | K88: 마칼루 그레이/옵시디언 블랙 모노톤 | L88: 가솔린 | M88: KMTGB41CDNU154297 | N88: 125호5247 | O88: - | P88: 2497 | Q88: 44777 | R88: 44767 | S88: 44777 | T88: 4 | U88: =IFERROR(S88+AC88, "-") -> 46237 | V88: =IFERROR(DATEDIF(TODAY(), U88, "m"), "-") -> 0 | W88: 20000 | X88: 박순희 고객님 | Y88: 010-2747-0684 | AA88: 서울특별시 서초구 남부순환로287길 9-1(방배동, 1층) | AB88: 44798 | AC88: =365*T88 -> 1460 | AD88: =U88-TODAY() -> 11 | AE88: =VLOOKUP($B88, [1]렌트_계약서번호!$B$3:$E$501, 4, FALSE) -> #N/A | AF88: 58547962 | AG88: 3784038 | AH88: =AF88-AG88+AI88 -> 55095924 | AI88: 332000 | AJ88: 2000 | AK88: 2129010 | AL88: 250318 | AM88: 2000 | AN88: 45000 | AO88: 50000 | AQ88: 154000 | AR88: 아이트로닉스 X2 FHD-FHD 64GB | AS88: 198000 | AT88: 버택스 전면 50% 측후면 35% | AU88: =2479328 -> 2479328 | AV88: =SUM(AI88,AJ88,AM88,AN88,AO88, AQ88,AS88+AK88+AL88) -> 3162328 | AW88: 렌터카 공제 | AX88: 44777 | AY88: 1299680 | BD88: 만26세 | BE88: 무한대 | BF88: 5억 | BG88: 2억/3천만 | BH88: 2억원/1인당 | BI88: 50만원 | BJ88: 임직원 | BK88: 5회/년 | BL88: 가입 | BM88: 미가입 | BN88: 브랜드보증 외 사용자 부담 | BO88: 브랜드보증 외 사용자 부담 | BR88: =IF(P88<=1600,P88*18,IF(P88<=2500,P88*19,IF(P88>2500,P88*24,20000))) -> 47443 | BS88: 현금 | BZ88: 0 | CB88: 25 | CC88: 25 | CD88: 1285000 | CE88: =T88*12 -> 48 | CF88: =CE88*CD88 -> 61680000 | CG88: 18600000 | CH88: 0 | CI88: 18600000 | CJ88: 0 | CK88: 0.06 | CL88: hellena0212@hanmail.net | CO88: 0.03 | CQ88: 코일매트 | CR88: 52800 | CS88: 우산 | CT88: 15000 | CU88: 0 | CV88: 0 | CW88: 0 | CX88: 0 | CY88: 0 | CZ88: 0 | DA88: 0 | DB88: 현대 | DC88: 박현식 부장 | DD88: 렌트베네핏 | DH88: 114-14-46184 | DI88: 주소 없음 | DJ88: 0.3 | DK88: 0.2
A89: 86 | B89: G90-003 | C89: 장기렌트 | D89: 아이엠앤티㈜ | E89: 이동원 대표이사님 | F89: 010-2456-0653 | G89: G90 | H89: 3.5 AWD | I89: 119200000 | J89: 2022 | K89: 비크블랙/옵시디언 블랙 모노톤 | L89: 가솔린 | M89: KMTFA41DDNU014854 | N89: 101호1811 | O89: - | P89: 3470 | Q89: 44788 | R89: 44782 | S89: 44789 | T89: 4 | U89: =IFERROR(S89+AC89, "-") -> 46249 | V89: =IFERROR(DATEDIF(TODAY(), U89, "m"), "-") -> 0 | W89: 30000 | X89: 이동원 대표이사님 | Y89: 010-2456-0653 | AA89: 경기도 수원시 권선구 산업로 156번길 88-55 | AB89: 44798 | AC89: =365*T89 -> 1460 | AD89: =U89-TODAY() -> 23 | AE89: =VLOOKUP($B89, [1]렌트_계약서번호!$B$3:$E$501, 4, FALSE) -> 22080031 | AF89: 112256882 | AG89: =AF89*4% -> 4490275.3 | AH89: =AF89-AG89 -> 1.0776661e+08 | AI89: 332000 | AJ89: 2000 | AK89: 4081010 | AL89: 575914 | AM89: 5000 | AN89: 21500 | AO89: 100000 | AP89: 2315000 | AQ89: 330000 | AR89: 아이나비 QSD-7000 | AS89: 420000 | AT89: 레이노 S-9/유리막/PPF | AU89: =4681260 -> 4681260 | AV89: =SUM(AI89,AJ89,AM89,AN89,AO89, AQ89,AS89+AK89+AL89) -> 5867424 | AW89: 렌터카 공제 | AX89: 44789 | AY89: 1188980 | BD89: 만26세 | BE89: 무한대 | BF89: 5억 | BG89: 2억/3천만 | BH89: 2억원/1인당 | BI89: 50만원 | BJ89: 임직원 | BK89: 5회/년 | BL89: 가입 | BM89: 가입 | BN89: 가입 | BO89: 렌트기간 4본 | BP89: MICHELIN 245/45 R 20 | BR89: =IF(P89<=1600,P89*18,IF(P89<=2500,P89*19,IF(P89>2500,P89*24,20000))) -> 83280 | BS89: 현금 | BZ89: 0 | CB89: 25 | CC89: 25 | CD89: 2399000 | CE89: =T89*12 -> 48 | CF89: =CE89*CD89 -> 115152000 | CG89: 35760000 | CH89: 14240000 | CI89: 35760000 | CJ89: 0.0988 | CK89: 0.06 | CL89: making702@nate.com | CO89: 0.03 | CQ89: 0 | CR89: 0 | CS89: 0 | CT89: 0 | CU89: 0 | CV89: 0 | CW89: 0 | CX89: 0 | CY89: 0 | CZ89: 0 | DA89: 0 | DB89: 현대 | DC89: 박현식 부장 | DD89: 렌트베네핏 | DH89: 649-88-00900 | DI89: 경기도 수원시 권선구 산업로 156번길 88-55 | DJ89: 0.3 | DK89: 0.2
A90: 87 | B90: Benz-019 | C90: 장기렌트 | D90: 이승섭 변호사님 | E90: 이승섭 변호사님 | F90: 010-9182-0031 | G90: S450 | H90: - | I90: 163584000 | J90: 2022 | K90: Obsidian Black/Black | L90: 가솔린 | M90: W1K6G6BB5NA157957 | N90: 125호6021 | O90: - | P90: 2925 | Q90: 44784 | R90: 44782 | S90: 44785 | T90: 5 | U90: =IFERROR(S90+AC90, "-") -> 46610 | V90: =IFERROR(DATEDIF(TODAY(), U90, "m"), "-") -> 12 | W90: 30000 | X90: 이승섭 변호사님 | Y90: 010-9182-0031 | AA90: 서울시 강남구 압구정로 201, 73동 603호(압구정동, 현대아파트) | AB90: 44798 | AC90: =365*T90 -> 1825 | AD90: =U90-TODAY() -> 384 | AE90: =VLOOKUP($B90, [1]렌트_계약서번호!$B$3:$E$501, 4, FALSE) -> 22080032 | AF90: 163584000 | AH90: 148712728 | AK90: 5948500 | AL90: 709570 | AM90: 5000 | AN90: 21500 | AO90: 65000 | AR90: 벤츠블랙박스 | AT90: 후퍼옵틱 전면35% 측후면 15% | AU90: =6749590 -> 6749590 | AV90: =SUM(AI90,AJ90,AM90,AN90,AO90, AQ90,AS90+AK90+AL90) -> 6749570 | AW90: 삼성화재 | AX90: 44784 | AY90: 1307320 | BD90: 만26세 | BE90: 무한대 | BF90: 5억 | BG90: 2억/3천만 | BH90: 2억원/1인당 | BI90: 50만원 | BJ90: 가족한정/누구나 | BK90: 5회/년 | BL90: 가입 | BM90: 미가입 | BN90: 브랜드보증 외 사용자 부담 | BO90: 브랜드보증 외 사용자 부담 | BR90: =IF(P90<=1600,P90*18,IF(P90<=2500,P90*19,IF(P90>2500,P90*24,20000))) -> 70200 | BS90: 현금 | BZ90: 0 | CB90: 25 | CC90: 25 | CD90: 2737000 | CE90: =T90*12 -> 60 | CF90: =CE90*CD90 -> 164220000 | CG90: 51120000 | CH90: 0 | CI90: 63048000 | CJ90: 0.0134 | CK90: 0.06 | CL90: lss@bkl.co.kr | CO90: 0.03 | CQ90: 0 | CR90: 0 | CS90: 0 | CT90: 0 | CU90: 0 | CV90: 0 | CW90: 0 | CX90: 0 | CY90: 0 | CZ90: 0 | DA90: 0 | DB90: 효성 | DC90: 김정수 팀장 | DD90: 분당 | DH90: 620812-1006716 | DI90: 주소 없음 | DJ90: 0.3 | DK90: 0.2
A91: 88 | B91: G80-002_1 | C91: 계약변경 | D91: ㈜지엔 | E91: 이명용 대표님 | F91: 010-5246-6806 | G91: G80 | H91: 2.5T AWD | I91: 64000000 | J91: 2023 | K91: 비크블랙/옵시디언 블랙 모노톤 | L91: 가솔린 | M91: KMTGB41CDPU165638 | N91: 125호5288 | O91: - | P91: 2497 | Q91: 44881 | R91: 44858 | S91: 44896 | T91: 4 | U91: =IFERROR(S91+AC91, "-") -> 46356 | V91: =IFERROR(DATEDIF(TODAY(), U91, "m"), "-") -> 4 | W91: 30000 | X91: 이명용 대표님 | Y91: 010-5246-6806 | AA91: 경기도 의왕시 뒷골길 24 (손내동) | AB91: 44920 | AC91: =365*T91 -> 1460 | AD91: =U91-TODAY() -> 130 | AE91: =VLOOKUP($B91, [1]렌트_계약서번호!$B$3:$E$501, 4, FALSE) -> #N/A | AF91: 59925897 | AG91: 3906103 | AH91: =AF91-AG91 -> 56019794 | AI91: 332000 | AJ91: 2000 | AK91: 2197300 | AL91: 348768 | AM91: 2000 | AN91: 45000 | AO91: 50000 | AQ91: 154000 | AR91: 엠피온 s1000프로 FHD-FHD 32GB | AS91: 198000 | AT91: 버텍스(전면 35%, 1열 15%, 2열후면 5%) | AU91: 2633068 | AV91: =SUM(AI91,AJ91,AM91,AN91,AO91, AQ91,AS91+AK91+AL91) -> 3329068 | AW91: 렌터카 공제 | AX91: 44881 | AY91: 1053080 | BD91: 만26세 | BE91: 무한대 | BF91: 5억 | BG91: 2억/3천만 | BH91: 2억원/1인당 | BI91: 50만원 | BJ91: 임직원 | BK91: 5회/년 | BL91: 가입 | BM91: 미가입 | BN91: 브랜드보증 외 사용자 부담 | BO91: 브랜드보증 외 사용자 부담 | BR91: =IF(P91<=1600,P91*18,IF(P91<=2500,P91*19,IF(P91>2500,P91*24,20000))) -> 47443 | BS91: 현금 | BZ91: 0 | CB91: 25 | CC91: 25 | CD91: 1208000 | CE91: =T91*12 -> 48 | CF91: =CE91*CD91 -> 57984000 | CG91: 27389000 | CH91: 0 | CI91: 27389000 | CJ91: 0.077 | CK91: 0.06 | CL91: gn6893348@naver.com | CN91: 010-2997-4297 | CO91: 0.03 | CQ91: 코일매트 | CR91: 52800 | CS91: PPF | CT91: 40000 | CU91: 0 | CV91: 0 | CW91: 0 | CX91: 0 | CY91: 0 | CZ91: 0 | DA91: 0 | DB91: 현대 | DC91: 박현식 부장 | DD91: 렌트베네핏 | DF91: IBK기업은행 | DG91: 241-10556004-013 | DH91: 314-88-00246 | DI91: 경기도 평택시 오성면 오성북로 154-51 | DJ91: 0.35 | DK91: 0.2
A92: 89 | B92: Grander-02 | C92: 장기렌트 | D92: 세이브인스(saveins) | E92: 박진일 팀장님 | F92: 010-4940-0602 | G92: Grander | H92: 하이브리드 1.6T 익스클루시브 | I92: 50830000 | J92: 2023 | K92: 어비스블랙펄/브라운투톤 | L92: 가솔린 | M92: KMHN2411BPA004622 | N92: 125호5365 | O92: - | P92: 1598 | Q92: 44963 | R92: 45217 | S92: 45217 | T92: 5 | U92: =IFERROR(S92+AC92, "-") -> 47042 | V92: =IFERROR(DATEDIF(TODAY(), U92, "m"), "-") -> 26 | W92: 20000 | X92: 박일진 팀장님 | Y92: 010-4940-0602 | AA92: 서울특별시 은평구 가좌로 391 씨티아파트 102동 | AB92: 45255 | AC92: =365*T92 -> 1825 | AD92: =U92-TODAY() -> 816 | AE92: =VLOOKUP($B92, [1]렌트_계약서번호!$B$3:$E$501, 4, FALSE) -> 23010003 | AF92: 47779700 | AG92: 3102300 | AH92: =AF92-AG92 -> 44677400 | AI92: 152000 | AJ92: 2000 | AP92: 1410000 | AR92: 빌트인캠 | AT92: 버텍스(전면 35%, 측후면 15%) | AU92: =1838070 -> 1838070 | AW92: 렌터카 공제 | AY92: =1000360 -> 1000360 | BD92: 만26세 | BE92: 무한대 | BF92: 2억원 | BG92: 1억원/1500만 | BH92: 2억원/1인당 | BI92: 30만원 | BJ92: 임직원 | BK92: 5회/년 | BL92: 가입 | BM92: 미가입 | BN92: 브랜드보증 외 사용자 부담 | BO92: 브랜드보증 외 사용자 부담 | BR92: =IF(P92<=1600,P92*18,IF(P92<=2500,P92*19,IF(P92>2500,P92*24,20000))) -> 28764 | BS92: 현금 | BZ92: 0 | CB92: 25 | CC92: 25 | CD92: 897000 | CE92: =T92*12 -> 60 | CF92: =CE92*CD92 -> 53820000 | CG92: 9984000 | CH92: 0 | CI92: 17472000 | CJ92: 0 | CK92: 0.06 | CL92: saveinsu@nate.com | CO92: 0.03 | CQ92: 썬팅 | CR92: 198000 | CS92: 코일매트 | CT92: 53300 | CU92: 유리막 | CV92: 132000 | CW92: 블랙박스 | DB92: 현대 | DC92: 박현식 부장 | DD92: =IF(DC92="정수원 실장","렌트베네핏", IF(DC92="박현식 부장", "렌트베네핏", IF(DC92="김성진 팀장", "청담", IF(DC92="전석영 부장", "방배", IF(DC92= "박봉호 부장", "일산",IF(DC140="정원철 부장", "청담")))))) -> 렌트베네핏 | DF92: 국민은행 | DG92: 924501-01-349898 | DH92: 306-98-98414 | DI92: 서울특별시 강남구 학동로25길 11, 203호(논현동, 씨플레이스) | DJ92: 0.35 | DK92: 0.2
A93: 90 | B93: Benz-020 | C93: 장기렌트 | D93: 현대산업 | E93: 최용식 대표님 | F93: 010-7337-6072 | G93: C300 | H93: 4M AV | I93: 67460000 | J93: 2023 | K93: P.W/Brown | L93: 가솔린 | M93: W1KAF4HB7PR113410 | N93: 101하3037 | O93: - | P93: 1999 | Q93: 45016 | R93: 45012 | S93: 45016 | T93: 5 | U93: =IFERROR(S93+AC93, "-") -> 46841 | V93: =IFERROR(DATEDIF(TODAY(), U93, "m"), "-") -> 20 | W93: 20000 | X93: 최용식 대표님 | Y93: 010-7337-6072 | AA93: 경기도 화성시 상신하길로 35 언덕마을 18단지 1809동 앞 주차장 | AB93: 45041 | AC93: =365*T93 -> 1825 | AD93: =U93-TODAY() -> 615 | AE93: =VLOOKUP($B93, [1]렌트_계약서번호!$B$3:$E$501, 4, FALSE) -> 23030002 | AR93: 벤츠블랙박스 | AT93: 후퍼옵틱 GK, 측후면 15% 전면 50% | AW93: 렌터카 공제 | BD93: 만26세 | BE93: 무한대 | BF93: 5억 | BG93: 2억/3천만 | BH93: 2억원/1인당 | BI93: 50만원 | BJ93: 임직원 | BK93: 5회/년 | BL93: 가입 | BM93: 미가입 | BN93: 브랜드보증 외 사용자 부담 | BO93: 브랜드보증 외 사용자 부담 | BP93: 피럴리 p zero 225/40 전 255/35 후 R19 | BR93: =IF(P93<=1600,P93*18,IF(P93<=2500,P93*19,IF(P93>2500,P93*24,20000))) -> 37981 | BS93: 현금 | CB93: 25 | CC93: 25 | CD93: 1398000 | CE93: 60 | CF93: =CE93*CD93 -> 83880000 | CG93: 20238000 | CH93: 0 | CI93: 20238000 | CJ93: 0.116 | CK93: 0.06 | CL93: hdi201@naver.com | CN93: 010-7337-6072 | CO93: 0.03 | CQ93: 골프백 | CS93: 우산 | CU93: 키케이스 | CW93: 무릎담요 | CY93: 목쿠션 | DB93: 모터원 | DC93: 박봉호 부장 | DD93: 의정부 | DF93: IBK기업은행 | DG93: 532-001522-01-025 | DH93: 680201-1046727 | DI93: 경기도 화성시 팔탄면 율암리 758-9 현대산업 | DJ93: 0.35 | DK93: 0.2
A94: 91 | B94: Carnival-002 | C94: 장기렌트 | D94: 정영범 부장님 | E94: 정영범 부장님 | F94: 010-5217-0300 | G94: Carnival | H94: 3.5 가솔린 9인승 시그니처 | I94: 43335800 | J94: 2023 | K94: 스노우 화이트 펄/새들 브라운 | L94: 가솔린 | M94: KNANE813BPS317093 | N94: 125호5386 | O94: - | P94: 3470 | Q94: 45037 | R94: =IFERROR(P94+Z94, "-") -> 3470 | S94: 45271 | T94: 5 | U94: =IFERROR(S94+AC94, "-") -> 47096 | V94: =IFERROR(DATEDIF(TODAY(), U94, "m"), "-") -> 28 | W94: 20000 | X94: 정영범 부장님 | Y94: - | AA94: 서울오토갤러리 | AB94: 45316 | AC94: =365*T94 -> 1825 | AD94: =U94-TODAY() -> 870 | AE94: =VLOOKUP($B94, [1]렌트_계약서번호!$B$3:$E$501, 4, FALSE) -> 23120011 | AF94: 43335800 | AI94: 103000 | AJ94: 2000 | AR94: 빌트인캠 | AT94: 버텍스(전면 35%, 1열 15%, 2열후면 5%) | AW94: 렌터카 공제 | BD94: 만26세 | BE94: 무한대 | BF94: 2억원 | BG94: 1억원/1500만 | BH94: 2억원/1인당 | BI94: 30만원 | BJ94: 누구나 | BK94: 5회/년 | BL94: 가입 | BM94: 가입 | BN94: 브랜드보증 외 사용자 부담 | BO94: 브랜드보증 외 사용자 부담 | BR94: =IF(P94<=1600,P94*18,IF(P94<=2500,P94*19,IF(P94>2500,P94*24,20000))) -> 83280 | BS94: 현금 | CB94: 25 | CC94: 25 | CD94: 539000 | CE94: 96 | CF94: =CE94*CD94 -> 51744000 | CG94: 0 | CH94: 4000000 | CI94: 21666500 | CJ94: 0 | CK94: 0.06 | CO94: 0.03 | CQ94: 코일매트 | CR94: 147400 | CS94: PPF | CT94: =40000*1.1 -> 44000 | DB94: =IF(DC94="정수원 실장","기아", IF(DC94="박현식 부장", "현대", IF(DC94="김성진 팀장", "한성", IF(DC94="전석영 부장", "한성", IF(DC94= "박봉호 부장", "모토원",IF(DC94="정원철 부장", "한성")))))) -> 기아 | DC94: 정수원 실장 | DD94: =IF(DC94="정수원 실장","렌트베네핏", IF(DC94="박현식 부장", "렌트베네핏", IF(DC94="김성진 팀장", "청담", IF(DC94="전석영 부장", "방배", IF(DC94= "박봉호 부장", "일산",IF(DC139="정원철 부장", "청담")))))) -> 렌트베네핏 | DI94: 주소 없음 | DJ94: 0.35 | DK94: 0.2
A95: 92 | B95: Sportage-001 | C95: 장기렌트 | D95: 신흥정보통신㈜ | E95: 장혜원 대표님 | F95: 010-8182-6737 | G95: Sportage | H95: 디 올 뉴 스포티지 HEV 4WD 프레스티지 | I95: 35790000 | J95: 2023 | K95: 스틸 그레이/블랙 | L95: 가솔린 | M95: KNAPV81GDPK 096710 | N95: 125호8632 | O95: - | P95: 1598 | Q95: 45134 | R95: 45134 | S95: 45135 | T95: 4 | U95: =IFERROR(S95+AC95, "-") -> 46595 | V95: =IFERROR(DATEDIF(TODAY(), U95, "m"), "-") -> 12 | W95: 20000 | X95: 이태우 이사님 | Y95: 010-8182-6737 | Z95: - | AA95: 송파구 법원로 11길 28 BK타워 | AB95: 45163 | AC95: =365*T95 -> 1460 | AD95: =U95-TODAY() -> 369 | AE95: =VLOOKUP($B95, [1]렌트_계약서번호!$B$3:$E$501, 4, FALSE) -> 23070004 | AF95: 35540000 | AG95: 1798426 | AH95: =AF95-AG95 -> 33741574 | AI95: 254000 | AJ95: 2000 | AK95: - | AL95: - | AM95: - | AN95: - | AO95: - | AP95: - | AQ95: =140000*1.1 -> 154000 | AR95: 엠피온 s9000프로 FHD-FHD | AS95: =180000*1.1 -> 198000 | AT95: 버텍스300(전면 35%/1열 15%/2열, 후면 5%) | AU95: - | AV95: - | AW95: 렌터카 공제 | AX95: - | AY95: - | AZ95: - | BA95: - | BB95: - | BD95: 만26세 | BE95: 무한대 | BF95: 2억원 | BG95: 1억원/1500만 | BH95: 2억원/1인당 | BI95: 30만원 | BJ95: 임직원 | BK95: 5회/년 | BL95: 가입 | BM95: 가입 | BN95: 가입 | BO95: 렌트기간 4본 | BP95: 넥센 앞/뒤 235/65R17 | BR95: =IF(P95<=1600,P95*18,IF(P95<=2500,P95*19,IF(P95>2500,P95*24,20000))) -> 28764 | BS95: 현금 | BT95: - | BU95: - | BV95: - | BW95: - | BX95: - | BY95: - | BZ95: - | CB95: 25 | CC95: 25 | CD95: 689000 | CE95: 48 | CF95: =CE95*CD95 -> 33072000 | CG95: 10737000 | CH95: 0 | CI95: 17179200 | CJ95: 0 | CK95: 0.06 | CL95: shtel124@shtel.co.kr | CM95: shtel124@shtel.co.kr | CN95: - | CO95: 0.03 | CQ95: 코일매트 | CR95: 53300 | CS95: PPF | CT95: =40000*1.1 -> 44000 | CU95: - | CV95: - | CW95: - | CX95: - | CY95: - | CZ95: - | DA95: - | DB95: =IF(DC95="정수원 실장","기아", IF(DC95="박현식 부장", "현대", IF(DC95="김성진 팀장", "한성", IF(DC95="전석영 부장", "한성", IF(DC95= "박봉호 부장", "모토원",IF(DC95="정원철 부장", "한성")))))) -> 기아 | DC95: 정수원 실장 | DD95: =IF(DC95="정수원 실장","렌트베네핏", IF(DC95="박현식 부장", "렌트베네핏", IF(DC95="김성진 팀장", "청담", IF(DC95="전석영 부장", "방배", IF(DC95= "박봉호 부장", "일산",IF(DC140="정원철 부장", "청담")))))) -> 렌트베네핏 | DF95: 국민은행 | DG95: 242-01-0050-101 | DH95: 124-81-20150 | DI95: 경기도 수원시 수성로 250번길 30(영화동) | DJ95: 0.35 | DK95: 0.2 | DM95: 443035
A96: 93 | B96: K8-004 | C96: 장기렌트 | D96: (주)세이브인슈 | E96: 이진영 고객님 | F96: 010-9190-1947 | G96: K8 | H96: 1.6 하이브리드 시그니처 투톤휠 A/T | I96: 49030000 | J96: 2023 | K96: 인터스텔라 그레이/브라운 투톤 | L96: 가솔린 | M96: KNAM6411BPA060895 | N96: 125호8637 | O96: - | P96: 1598 | Q96: 45156 | R96: 45149 | S96: 45156 | T96: 5 | U96: =IFERROR(S96+AC96, "-") -> 46981 | V96: =IFERROR(DATEDIF(TODAY(), U96, "m"), "-") -> 24 | W96: 50000 | X96: 이진영 고객님 | Y96: 010-9190-1947 | Z96: - | AA96: - | AB96: 45163 | AC96: =365*T96 -> 1825 | AD96: =U96-TODAY() -> 755 | AE96: =VLOOKUP($B96, [1]렌트_계약서번호!$B$3:$E$501, 4, FALSE) -> 23070005 | AF96: 49030000 | AG96: 0 | AH96: =AF96-AG96 -> 49030000 | AI96: - | AJ96: 2000 | AK96: - | AL96: - | AM96: - | AN96: - | AO96: - | AP96: - | AQ96: - | AR96: 빌트인캠 | AS96: 300000 | AT96: Rainbow I90 (전번 35%/ 측후면 15%) | AU96: - | AV96: - | AW96: 렌터카 공제 | AX96: - | AY96: - | AZ96: - | BA96: - | BB96: - | BD96: 만26세 | BE96: 무한대 | BF96: 2억원 | BG96: 1억원/1500만 | BH96: 2억원/1인당 | BI96: 30만원 | BJ96: 임직원 | BK96: 5회/년 | BL96: 가입 | BM96: 미가입 | BN96: 브랜드보증 외 사용자 부담 | BO96: 브랜드보증 외 사용자 부담 | BP96: - | BR96: =IF(P96<=1600,P96*18,IF(P96<=2500,P96*19,IF(P96>2500,P96*24,20000))) -> 28764 | BS96: 현금 | BT96: - | BU96: - | BV96: - | BW96: - | BX96: - | BY96: - | BZ96: - | CB96: 25 | CC96: 25 | CD96: 910000 | CE96: 60 | CF96: =CE96*CD96 -> 54600000 | CG96: 9806000 | CH96: 0 | CI96: 18631400 | CJ96: 0.0809 | CK96: 0.06 | CL96: saveinsu@nate.com | CM96: - | CN96: 010-3186-5222 | CO96: 0.03 | CQ96: 코일매트 | CR96: 53300 | CS96: PPF | CT96: =40000*1.1 -> 44000 | CU96: - | CV96: - | CW96: - | CX96: - | CY96: - | CZ96: - | DA96: - | DB96: =IF(DC96="정수원 실장","기아", IF(DC96="박현식 부장", "현대", IF(DC96="김성진 팀장", "한성", IF(DC96="전석영 부장", "한성", IF(DC96= "박봉호 부장", "모토원",IF(DC96="정원철 부장", "한성")))))) -> 기아 | DC96: 정수원 실장 | DD96: =IF(DC96="정수원 실장","렌트베네핏", IF(DC96="박현식 부장", "렌트베네핏", IF(DC96="김성진 팀장", "청담", IF(DC96="전석영 부장", "방배", IF(DC96= "박봉호 부장", "일산",IF(DC141="정원철 부장", "청담")))))) -> 렌트베네핏 | DF96: 국민은행 | DG96: 069101-04-125910 | DH96: 220-87-55319 | DI96: 서울특별시 강남구 학동로25길 11(논현동, 성연빌딩 202호) | DJ96: 0.35 | DK96: 0.2 | DM96: 1225825
A97: 94 | B97: Grander-01 | C97: 장기렌트 | D97: 추능오 고객님 | E97: 이춘식 이사님 | F97: 010-7137-1236 | G97: Grander | H97: 르블랑 | I97: 42280000 | J97: 2022 | K97: 녹턴 그레이 메탈릭/블랙모노톤 | L97: 가솔린 | M97: KMHF1413BPA150229 | N97: 125호5230 | O97: - | P97: 2359 | Q97: 44748 | R97: 45209 | S97: 45209 | T97: 3 | U97: =IFERROR(S97+AC97, "-") -> 46304 | V97: =IFERROR(DATEDIF(TODAY(), U97, "m"), "-") -> 2 | W97: 20000 | X97: 이춘식 이사님 | Y97: 010-7137-1236 | AA97: 서울오토갤러리 | AB97: 45224 | AC97: =365*T97 -> 1095 | AD97: =U97-TODAY() -> 78 | AE97: =VLOOKUP($B97, [1]렌트_계약서번호!$B$3:$E$501, 4, FALSE) -> 23120008 | AF97: 39738531 | AG97: 2580469 | AH97: =AF97-AG97 -> 37158062 | AI97: 139000 | AJ97: 2000 | AK97: 1048670 | AL97: 0 | AM97: 2000 | AN97: 45000 | AO97: 50000 | AP97: 1173000 | AQ97: 154000 | AR97: S1000PRO | AS97: 198000 | AT97: 버택스 전면 35% 측후면 15% | AU97: 1145670 | AV97: =SUM(AI97,AJ97,AM97,AN97,AO97, AQ97,AS97+AK97+AL97) -> 1638670 | AW97: 렌터카 공제 | AX97: 44748 | AY97: 1182390 | BD97: 만26세 | BE97: 무한대 | BF97: 2억원 | BG97: 1억원/1500만 | BH97: 2억원/1인당 | BI97: 30만원 | BJ97: 누구나 | BK97: 5회/년 | BL97: 가입 | BM97: 가입 | BN97: 브랜드보증 외 사용자 부담 | BO97: 브랜드보증 외 사용자 부담 | BR97: =IF(P97<=1600,P97*18,IF(P97<=2500,P97*19,IF(P97>2500,P97*24,20000))) -> 44821 | BS97: 현금 | BZ97: 0 | CB97: 25 | CC97: 25 | CD97: 0 | CE97: 24 | CF97: =CE97*CD97 -> 0 | CG97: 0 | CH97: 23063000 | CI97: 만기시 반납 | CJ97: 0 | CK97: 0.06 | CL97: cslee0598@naver.com | CO97: 0.03 | CQ97: 0 | CR97: 0 | CS97: 0 | CT97: 0 | CU97: 0 | CV97: 0 | CW97: 0 | CX97: 0 | CY97: 0 | CZ97: 0 | DA97: 0 | DB97: 현대 | DC97: 박현식 부장 | DD97: 렌트베네핏 | DF97: 농협 | DG97: 356-1500-4320-23 | DH97: 701128-1221216 | DI97: 주소 없음 | DJ97: 0.3 | DK97: 0.2
A98: 95 | B98: Cona-01 | C98: 장기렌트 | D98: 신흥정보통신㈜_코나 | E98: 장혜원 대표님 | F98: 010-8182-6737 | G98: Cona | H98: SX2 런칭 전기모터 2WD 롱레인지 프리미엄 17인치 | I98: =50050000+940000 -> 50990000 | J98: 2023 | K98: 사이버 그레이 메탈릭 / 블랙모노톤 | L98: 전기모터 | M98: KMHHC816FPU004639 | N98: 101호1841 | O98: - | P98: 180 | Q98: 45219 | R98: 45187 | S98: 45222 | T98: 4 | U98: =IFERROR(S98+AC98, "-") -> 46682 | V98: =IFERROR(DATEDIF(TODAY(), U98, "m"), "-") -> 14 | W98: 20000 | X98: 모창률 과장님 | Y98: 010-5003-7338 | Z98: - | AA98: 송파구 법원로 11길 28 BK타워 | AB98: 45255 | AC98: =365*T98 -> 1460 | AD98: =U98-TODAY() -> 456 | AE98: =VLOOKUP($B98, [1]렌트_계약서번호!$B$3:$E$501, 4, FALSE) -> 23100006 | AF98: =50050000+940000 -> 50990000 | AG98: =2580240+9000000 -> 11580240 | AH98: =AF98-AG98+AI98 -> 39691760 | AI98: 282000 | AJ98: 2000 | AK98: 326970 | AL98: 0 | AM98: 2000 | AN98: 50000 | AO98: 33000 | AP98: - | AQ98: - | AR98: 빌트인캠 | AS98: 200000 | AT98: Rayno S7(전면35%, 측후면 15%) | AU98: - | AV98: - | AW98: 렌터카 공제 | AX98: - | AY98: - | AZ98: - | BA98: - | BB98: - | BD98: 만26세 | BE98: 무한대 | BF98: 2억원 | BG98: 1억원/1500만 | BH98: 2억원/1인당 | BI98: 30만원 | BJ98: 임직원 | BK98: 5회/년 | BL98: 가입 | BM98: 가입 | BN98: 가입 | BO98: 렌트기간 4본 | BP98: - | BR98: =IF(P98<=1600,P98*18,IF(P98<=2500,P98*19,IF(P98>2500,P98*24,20000))) -> 3240 | BS98: 현금 | BT98: - | BU98: - | BV98: - | BW98: - | BX98: - | BY98: - | BZ98: - | CB98: 25 | CC98: 25 | CD98: 670000 | CE98: 48 | CF98: =CE98*CD98 -> 32160000 | CG98: 15297000 | CH98: 0 | CI98: 24985100 | CJ98: 0.0282 | CK98: 0.06 | CL98: shtel001@daum.net | CM98: - | CN98: - | CO98: 0.03 | CQ98: 코일매트 | CR98: 53300 | CS98: - | CT98: - | CU98: - | CV98: - | CW98: - | CX98: - | CY98: - | CZ98: - | DA98: - | DB98: 현대 | DC98: 박현식 부장 | DD98: 렌트베네핏 | DF98: 국민은행 | DG98: 242-01-0050-101 | DH98: 124-81-20150 | DI98: 경기도 수원시 수성로 250번길 30(영화동) | DJ98: 0.35 | DK98: 0.2
A99: 96 | B99: Benz-022 | C99: 장기렌트 | D99: ㈜동춘푸드 | E99: 송정근 대표님 | F99: 010-5301-8388 | G99: E250 EX | I99: 73900000 | J99: 2023 | K99: S.grey/Black | L99: 가솔린 | M99: W1KZF4FB3PB184795 | N99: 125호8668 | O99: - | P99: 1999 | Q99: 45246 | R99: 45239 | S99: 45247 | T99: 5 | U99: =IFERROR(S99+AC99, "-") -> 47072 | V99: =IFERROR(DATEDIF(TODAY(), U99, "m"), "-") -> 27 | W99: 20000 | X99: 손경범 회장님 | Y99: 010-5392-9991 | AA99: 서울 강서구 금낭화로 287-19,505동411호(방화동,방화5단지아파트) | AB99: 45255 | AC99: =365*T99 -> 1825 | AD99: =U99-TODAY() -> 846 | AE99: 22090033 | AF99: 73900000 | AG99: 7895000 | AH99: =AF99-AG99+AI99 -> 66005000 | AI99: 0 | AQ99: - | AR99: 벤츠블랙박스 | AT99: 후퍼옵틱(전면35%, 측후면 15%) | AW99: 렌터카 공제 | BD99: 만26세 | BE99: 무한대 | BF99: 5억 | BG99: 2억/3천만 | BH99: 2억원/1인당 | BI99: 50만원 | BJ99: 임직원 | BK99: 5회/년 | BL99: 가입 | BM99: 미가입 | BN99: 브랜드보증 외 사용자 부담 | BO99: 브랜드보증 외 사용자 부담 | BR99: =IF(P99<=1600,P99*18,IF(P99<=2500,P99*19,IF(P99>2500,P99*24,20000))) -> 37981 | BS99: 현금 | CB99: 25 | CC99: 25 | CD99: 1367000 | CE99: 60 | CF99: =CE99*CD99 -> 82020000 | CG99: 11085000 | CH99: 0 | CI99: 22170000 | CJ99: 0.0842 | CK99: 0.06 | CL99: dcfood777@naver.com | CN99: 010-5301-8388 | CO99: 0.03 | CQ99: 유리막/PPF/블박/하이패스/우산/목쿠션/무릎담요/가죽키케이스 | DB99: KCC | DC99: 이주원 차장 | DD99: 렌트베네핏 | DF99: IBK기업은행 | DG99: 276-081940-01-014 | DH99: 276-81-01041 | DI99: 경기도 화성시 장안면 수정로 312-71 | DJ99: 0.35 | DK99: 0.2
A100: 97 | B100: Grander-03 | C100: 장기렌트 | D100: 신흥정보통신㈜ | E100: 장혜원 대표님 | F100: 010-8182-6737 | G100: Grander | H100: GN7 하이브리드 1.6T 2WD 프리미엄 | I100: 44090000 | J100: 2023 | K100: 녹턴 그레이 메탈릭/브라운투톤 | L100: 가솔린 | M100: KMHN1411BPA059360 | N100: 101하5078 | O100: - | P100: 1598 | Q100: 45244 | R100: 45244 | S100: 45244 | T100: 4 | U100: =IFERROR(S100+AC100, "-") -> 46704 | V100: =IFERROR(DATEDIF(TODAY(), U100, "m"), "-") -> 15 | W100: 20000 | X100: 이종희 이사님 | Y100: 010-3214-0636 | AA100: 송파구 법원로 11길 28 BK타워 | AB100: 45265 | AC100: =365*T100 -> 1460 | AD100: =U100-TODAY() -> 478 | AE100: =VLOOKUP($B100, [1]렌트_계약서번호!$B$3:$E$501, 4, FALSE) -> 23110007 | AF100: 44090000 | AG100: 2236141 | AH100: =AF100-AG100+AI100 -> 42015859 | AI100: 162000 | AJ100: 2000 | AK100: 1128030 | AL100: - | AM100: 2000 | AN100: 45000 | AO100: 50000 | AP100: - | AQ100: 143000 | AR100: S1000PRO | AS100: 198000 | AT100: 버택스 전면 35% 측후면 15% | AW100: 렌터카 공제 | BD100: 만26세 | BE100: 무한대 | BF100: 2억원 | BG100: 1억원/1500만 | BH100: 2억원/1인당 | BI100: 30만원 | BJ100: 임직원 | BK100: 5회/년 | BL100: 가입 | BM100: 가입 | BN100: 가입 | BO100: 렌트기간 4본 | BR100: =IF(P100<=1600,P100*18,IF(P100<=2500,P100*19,IF(P100>2500,P100*24,20000))) -> 28764 | BS100: 현금 | CB100: 5 | CC100: 5 | CD100: 732000 | CE100: 48 | CF100: =CE100*CD100 -> 35136000 | CG100: 13227000 | CI100: 22045000 | CJ100: -0.068 | CK100: 0.06 | CL100: lareum@shtel.co.kr | CO100: 0.03 | CQ100: 코일매트 | CR100: 53300 | CS100: PPF | CT100: =40000*1.1 -> 44000 | DB100: 현대 | DC100: 박현식 부장 | DD100: 렌트베네핏 | DF100: 국민은행 | DG100: 064-01-0432-612 | DH100: 206-85-09469 | DI100: 서울특별시 송파구 법원로11길 28, 1, 9층(문정동, 비케이타워) | DJ100: 0.35 | DK100: 0.2 | DM100: 922490
...
